{"type":"FeatureCollection","features":[{"type":"Feature","id":"0-0","properties":{"network":"Eir","networkIndex":0,"technologies":["4G","5G"],"frequenciesMHz":[700,800,900],"bandsJson":"[{\"frequencyMHz\":700,\"maxEirpDbm\":64.0,\"technology\":[\"4G\",\"5G\"]},{\"frequencyMHz\":800,\"maxEirpDbm\":59.0,\"technology\":[\"4G\",\"5G\"]},{\"frequencyMHz\":900,\"maxEirpDbm\":64.0,\"technology\":[\"4G\",\"5G\"]}]"},"geometry":{"type":"Point","coordinates":[-10.461941,52.137257]}},{"type":"Feature","id":"0-1","properties":{"network":"Eir","networkIndex":0,"technologies":["4G","5G"],"frequenciesMHz":[700,800,900],"bandsJson":"[{\"frequencyMHz\":700,\"maxEirpDbm\":64.0,\"technology\":[\"4G\",\"5G\"]},{\"frequencyMHz\":800,\"maxEirpDbm\":59.0,\"technology\":[\"4G\",\"5G\"]},{\"frequencyMHz\":900,\"maxEirpDbm\":64.0,\"technology\":[\"4G\",\"5G\"]}]"},"geometry":{"type":"Point","coordinates":[-10.425775,52.141898]}},{"type":"Feature","id":"0-2","properties":{"network":"Eir","networkIndex":0,"technologies":["4G","5G"],"frequenciesMHz":[700,800,900,1800,2100],"bandsJson":"[{\"frequencyMHz\":700,\"maxEirpDbm\":64.0,\"technology\":[\"4G\",\"5G\"]},{\"frequencyMHz\":800,\"maxEirpDbm\":59.0,\"technology\":[\"4G\",\"5G\"]},{\"frequencyMHz\":900,\"maxEirpDbm\":64.0,\"technology\":[\"4G\",\"5G\"]},{\"frequencyMHz\":1800,\"maxEirpDbm\":64.0,\"technology\":[\"4G\",\"5G\"]},{\"frequencyMHz\":2100,\"maxEirpDbm\":64.0,\"technology\":[\"4G\",\"5G\"]}]"},"geometry":{"type":"Point","coordinates":[-10.373895,52.195134]}},{"type":"Feature","id":"0-3","properties":{"network":"Eir","networkIndex":0,"technologies":["4G","5G"],"frequenciesMHz":[700,800,900],"bandsJson":"[{\"frequencyMHz\":700,\"maxEirpDbm\":64.0,\"technology\":[\"4G\",\"5G\"]},{\"frequencyMHz\":800,\"maxEirpDbm\":59.0,\"technology\":[\"4G\",\"5G\"]},{\"frequencyMHz\":900,\"maxEirpDbm\":64.0,\"technology\":[\"4G\",\"5G\"]}]"},"geometry":{"type":"Point","coordinates":[-10.361994,51.884791]}},{"type":"Feature","id":"0-4","properties":{"network":"Eir","networkIndex":0,"technologies":["4G","5G"],"frequenciesMHz":[700,800,900],"bandsJson":"[{\"frequencyMHz\":700,\"maxEirpDbm\":64.0,\"technology\":[\"4G\",\"5G\"]},{\"frequencyMHz\":800,\"maxEirpDbm\":59.0,\"technology\":[\"4G\",\"5G\"]},{\"frequencyMHz\":900,\"maxEirpDbm\":64.0,\"technology\":[\"4G\",\"5G\"]}]"},"geometry":{"type":"Point","coordinates":[-10.333592,51.868179]}},{"type":"Feature","id":"0-5","properties":{"network":"Eir","networkIndex":0,"technologies":["4G","5G"],"frequenciesMHz":[700,800,900,1800,2100],"bandsJson":"[{\"frequencyMHz\":700,\"maxEirpDbm\":64.0,\"technology\":[\"4G\",\"5G\"]},{\"frequencyMHz\":800,\"maxEirpDbm\":59.0,\"technology\":[\"4G\",\"5G\"]},{\"frequencyMHz\":900,\"maxEirpDbm\":64.0,\"technology\":[\"4G\",\"5G\"]},{\"frequencyMHz\":1800,\"maxEirpDbm\":64.0,\"technology\":[\"4G\",\"5G\"]},{\"frequencyMHz\":2100,\"maxEirpDbm\":64.0,\"technology\":[\"4G\",\"5G\"]}]"},"geometry":{"type":"Point","coordinates":[-10.309793,52.122179]}},{"type":"Feature","id":"0-6","properties":{"network":"Eir","networkIndex":0,"technologies":["4G","5G"],"frequenciesMHz":[700,800,900],"bandsJson":"[{\"frequencyMHz\":700,\"maxEirpDbm\":64.0,\"technology\":[\"4G\",\"5G\"]},{\"frequencyMHz\":800,\"maxEirpDbm\":59.0,\"technology\":[\"4G\",\"5G\"]},{\"frequencyMHz\":900,\"maxEirpDbm\":64.0,\"technology\":[\"4G\",\"5G\"]}]"},"geometry":{"type":"Point","coordinates":[-10.296112,51.924819]}},{"type":"Feature","id":"0-7","properties":{"network":"Eir","networkIndex":0,"technologies":["4G","5G"],"frequenciesMHz":[700,800,900],"bandsJson":"[{\"frequencyMHz\":700,\"maxEirpDbm\":64.0,\"technology\":[\"4G\",\"5G\"]},{\"frequencyMHz\":800,\"maxEirpDbm\":59.0,\"technology\":[\"4G\",\"5G\"]},{\"frequencyMHz\":900,\"maxEirpDbm\":64.0,\"technology\":[\"4G\",\"5G\"]}]"},"geometry":{"type":"Point","coordinates":[-10.274133,51.823581]}},{"type":"Feature","id":"0-8","properties":{"network":"Eir","networkIndex":0,"technologies":["4G","5G"],"frequenciesMHz":[700,800,900,1800,2100],"bandsJson":"[{\"frequencyMHz\":700,\"maxEirpDbm\":64.0,\"technology\":[\"4G\",\"5G\"]},{\"frequencyMHz\":800,\"maxEirpDbm\":59.0,\"technology\":[\"4G\",\"5G\"]},{\"frequencyMHz\":900,\"maxEirpDbm\":64.0,\"technology\":[\"4G\",\"5G\"]},{\"frequencyMHz\":1800,\"maxEirpDbm\":64.0,\"technology\":[\"4G\",\"5G\"]},{\"frequencyMHz\":2100,\"maxEirpDbm\":64.0,\"technology\":[\"4G\",\"5G\"]}]"},"geometry":{"type":"Point","coordinates":[-10.267582,52.135816]}},{"type":"Feature","id":"0-9","properties":{"network":"Eir","networkIndex":0,"technologies":["4G","5G"],"frequenciesMHz":[700,800,900],"bandsJson":"[{\"frequencyMHz\":700,\"maxEirpDbm\":64.0,\"technology\":[\"4G\",\"5G\"]},{\"frequencyMHz\":800,\"maxEirpDbm\":59.0,\"technology\":[\"4G\",\"5G\"]},{\"frequencyMHz\":900,\"maxEirpDbm\":64.0,\"technology\":[\"4G\",\"5G\"]}]"},"geometry":{"type":"Point","coordinates":[-10.240508,51.874717]}},{"type":"Feature","id":"0-10","properties":{"network":"Eir","networkIndex":0,"technologies":["4G","5G"],"frequenciesMHz":[700,800,900],"bandsJson":"[{\"frequencyMHz\":700,\"maxEirpDbm\":64.0,\"technology\":[\"4G\",\"5G\"]},{\"frequencyMHz\":800,\"maxEirpDbm\":59.0,\"technology\":[\"4G\",\"5G\"]},{\"frequencyMHz\":900,\"maxEirpDbm\":64.0,\"technology\":[\"4G\",\"5G\"]}]"},"geometry":{"type":"Point","coordinates":[-10.23334,51.960346]}},{"type":"Feature","id":"0-11","properties":{"network":"Eir","networkIndex":0,"technologies":["4G","5G"],"frequenciesMHz":[700,800,900,1800,2100],"bandsJson":"[{\"frequencyMHz\":700,\"maxEirpDbm\":64.0,\"technology\":[\"4G\",\"5G\"]},{\"frequencyMHz\":800,\"maxEirpDbm\":59.0,\"technology\":[\"4G\",\"5G\"]},{\"frequencyMHz\":900,\"maxEirpDbm\":64.0,\"technology\":[\"4G\",\"5G\"]},{\"frequencyMHz\":1800,\"maxEirpDbm\":64.0,\"technology\":[\"4G\",\"5G\"]},{\"frequencyMHz\":2100,\"maxEirpDbm\":64.0,\"technology\":[\"4G\",\"5G\"]}]"},"geometry":{"type":"Point","coordinates":[-10.226492,51.946067]}},{"type":"Feature","id":"0-12","properties":{"network":"Eir","networkIndex":0,"technologies":["4G","5G"],"frequenciesMHz":[700,800,900],"bandsJson":"[{\"frequencyMHz\":700,\"maxEirpDbm\":64.0,\"technology\":[\"4G\",\"5G\"]},{\"frequencyMHz\":800,\"maxEirpDbm\":59.0,\"technology\":[\"4G\",\"5G\"]},{\"frequencyMHz\":900,\"maxEirpDbm\":64.0,\"technology\":[\"4G\",\"5G\"]}]"},"geometry":{"type":"Point","coordinates":[-10.173827,51.831142]}},{"type":"Feature","id":"0-13","properties":{"network":"Eir","networkIndex":0,"technologies":["4G","5G"],"frequenciesMHz":[700,800,900],"bandsJson":"[{\"frequencyMHz\":700,\"maxEirpDbm\":64.0,\"technology\":[\"4G\",\"5G\"]},{\"frequencyMHz\":800,\"maxEirpDbm\":59.0,\"technology\":[\"4G\",\"5G\"]},{\"frequencyMHz\":900,\"maxEirpDbm\":64.0,\"technology\":[\"4G\",\"5G\"]}]"},"geometry":{"type":"Point","coordinates":[-10.166724,53.548415]}},{"type":"Feature","id":"0-14","properties":{"network":"Eir","networkIndex":0,"technologies":["4G","5G"],"frequenciesMHz":[700,800,900,1800,2100],"bandsJson":"[{\"frequencyMHz\":700,\"maxEirpDbm\":64.0,\"technology\":[\"4G\",\"5G\"]},{\"frequencyMHz\":800,\"maxEirpDbm\":59.0,\"technology\":[\"4G\",\"5G\"]},{\"frequencyMHz\":900,\"maxEirpDbm\":64.0,\"technology\":[\"4G\",\"5G\"]},{\"frequencyMHz\":1800,\"maxEirpDbm\":64.0,\"technology\":[\"4G\",\"5G\"]},{\"frequencyMHz\":2100,\"maxEirpDbm\":64.0,\"technology\":[\"4G\",\"5G\"]}]"},"geometry":{"type":"Point","coordinates":[-10.151374,52.131396]}},{"type":"Feature","id":"0-15","properties":{"network":"Eir","networkIndex":0,"technologies":["4G","5G"],"frequenciesMHz":[700,800,900],"bandsJson":"[{\"frequencyMHz\":700,\"maxEirpDbm\":64.0,\"technology\":[\"4G\",\"5G\"]},{\"frequencyMHz\":800,\"maxEirpDbm\":59.0,\"technology\":[\"4G\",\"5G\"]},{\"frequencyMHz\":900,\"maxEirpDbm\":64.0,\"technology\":[\"4G\",\"5G\"]}]"},"geometry":{"type":"Point","coordinates":[-10.129399,52.236509]}},{"type":"Feature","id":"0-16","properties":{"network":"Eir","networkIndex":0,"technologies":["4G","5G"],"frequenciesMHz":[700,800,900],"bandsJson":"[{\"frequencyMHz\":700,\"maxEirpDbm\":64.0,\"technology\":[\"4G\",\"5G\"]},{\"frequencyMHz\":800,\"maxEirpDbm\":59.0,\"technology\":[\"4G\",\"5G\"]},{\"frequencyMHz\":900,\"maxEirpDbm\":64.0,\"technology\":[\"4G\",\"5G\"]}]"},"geometry":{"type":"Point","coordinates":[-10.114066,53.556646]}},{"type":"Feature","id":"0-17","properties":{"network":"Eir","networkIndex":0,"technologies":["4G","5G"],"frequenciesMHz":[700,800,900],"bandsJson":"[{\"frequencyMHz\":700,\"maxEirpDbm\":64.0,\"technology\":[\"4G\",\"5G\"]},{\"frequencyMHz\":800,\"maxEirpDbm\":59.0,\"technology\":[\"4G\",\"5G\"]},{\"frequencyMHz\":900,\"maxEirpDbm\":64.0,\"technology\":[\"4G\",\"5G\"]}]"},"geometry":{"type":"Point","coordinates":[-10.108885,54.104719]}},{"type":"Feature","id":"0-18","properties":{"network":"Eir","networkIndex":0,"technologies":["4G","5G"],"frequenciesMHz":[700,800,900],"bandsJson":"[{\"frequencyMHz\":700,\"maxEirpDbm\":64.0,\"technology\":[\"4G\",\"5G\"]},{\"frequencyMHz\":800,\"maxEirpDbm\":59.0,\"technology\":[\"4G\",\"5G\"]},{\"frequencyMHz\":900,\"maxEirpDbm\":64.0,\"technology\":[\"4G\",\"5G\"]}]"},"geometry":{"type":"Point","coordinates":[-10.107357,51.775327]}},{"type":"Feature","id":"0-19","properties":{"network":"Eir","networkIndex":0,"technologies":["4G","5G"],"frequenciesMHz":[700,800,900],"bandsJson":"[{\"frequencyMHz\":700,\"maxEirpDbm\":64.0,\"technology\":[\"4G\",\"5G\"]},{\"frequencyMHz\":800,\"maxEirpDbm\":59.0,\"technology\":[\"4G\",\"5G\"]},{\"frequencyMHz\":900,\"maxEirpDbm\":64.0,\"technology\":[\"4G\",\"5G\"]}]"},"geometry":{"type":"Point","coordinates":[-10.101349,53.701272]}},{"type":"Feature","id":"0-20","properties":{"network":"Eir","networkIndex":0,"technologies":["4G","5G"],"frequenciesMHz":[700,800,900],"bandsJson":"[{\"frequencyMHz\":700,\"maxEirpDbm\":64.0,\"technology\":[\"4G\",\"5G\"]},{\"frequencyMHz\":800,\"maxEirpDbm\":59.0,\"technology\":[\"4G\",\"5G\"]},{\"frequencyMHz\":900,\"maxEirpDbm\":64.0,\"technology\":[\"4G\",\"5G\"]}]"},"geometry":{"type":"Point","coordinates":[-10.098362,52.012994]}},{"type":"Feature","id":"0-21","properties":{"network":"Eir","networkIndex":0,"technologies":["4G","5G"],"frequenciesMHz":[700,800,900],"bandsJson":"[{\"frequencyMHz\":700,\"maxEirpDbm\":64.0,\"technology\":[\"4G\",\"5G\"]},{\"frequencyMHz\":800,\"maxEirpDbm\":59.0,\"technology\":[\"4G\",\"5G\"]},{\"frequencyMHz\":900,\"maxEirpDbm\":64.0,\"technology\":[\"4G\",\"5G\"]}]"},"geometry":{"type":"Point","coordinates":[-10.089606,51.877162]}},{"type":"Feature","id":"0-22","properties":{"network":"Eir","networkIndex":0,"technologies":["4G","5G"],"frequenciesMHz":[700,800,900],"bandsJson":"[{\"frequencyMHz\":700,\"maxEirpDbm\":64.0,\"technology\":[\"4G\",\"5G\"]},{\"frequencyMHz\":800,\"maxEirpDbm\":59.0,\"technology\":[\"4G\",\"5G\"]},{\"frequencyMHz\":900,\"maxEirpDbm\":64.0,\"technology\":[\"4G\",\"5G\"]}]"},"geometry":{"type":"Point","coordinates":[-10.078566,53.432105]}},{"type":"Feature","id":"0-23","properties":{"network":"Eir","networkIndex":0,"technologies":["4G","5G"],"frequenciesMHz":[700,800,900,1800,2100],"bandsJson":"[{\"frequencyMHz\":700,\"maxEirpDbm\":64.0,\"technology\":[\"4G\",\"5G\"]},{\"frequencyMHz\":800,\"maxEirpDbm\":59.0,\"technology\":[\"4G\",\"5G\"]},{\"frequencyMHz\":900,\"maxEirpDbm\":64.0,\"technology\":[\"4G\",\"5G\"]},{\"frequencyMHz\":1800,\"maxEirpDbm\":64.0,\"technology\":[\"4G\",\"5G\"]},{\"frequencyMHz\":2100,\"maxEirpDbm\":64.0,\"technology\":[\"4G\",\"5G\"]}]"},"geometry":{"type":"Point","coordinates":[-10.050408,52.232497]}},{"type":"Feature","id":"0-24","properties":{"network":"Eir","networkIndex":0,"technologies":["4G","5G"],"frequenciesMHz":[700,800,900],"bandsJson":"[{\"frequencyMHz\":700,\"maxEirpDbm\":64.0,\"technology\":[\"4G\",\"5G\"]},{\"frequencyMHz\":800,\"maxEirpDbm\":59.0,\"technology\":[\"4G\",\"5G\"]},{\"frequencyMHz\":900,\"maxEirpDbm\":64.0,\"technology\":[\"4G\",\"5G\"]}]"},"geometry":{"type":"Point","coordinates":[-10.049728,51.784544]}},{"type":"Feature","id":"0-25","properties":{"network":"Eir","networkIndex":0,"technologies":["4G","5G"],"frequenciesMHz":[700,800,900],"bandsJson":"[{\"frequencyMHz\":700,\"maxEirpDbm\":64.0,\"technology\":[\"4G\",\"5G\"]},{\"frequencyMHz\":800,\"maxEirpDbm\":59.0,\"technology\":[\"4G\",\"5G\"]},{\"frequencyMHz\":900,\"maxEirpDbm\":64.0,\"technology\":[\"4G\",\"5G\"]}]"},"geometry":{"type":"Point","coordinates":[-10.044847,53.539616]}},{"type":"Feature","id":"0-26","properties":{"network":"Eir","networkIndex":0,"technologies":["4G","5G"],"frequenciesMHz":[700,800,900,1800,2100],"bandsJson":"[{\"frequencyMHz\":700,\"maxEirpDbm\":64.0,\"technology\":[\"4G\",\"5G\"]},{\"frequencyMHz\":800,\"maxEirpDbm\":59.0,\"technology\":[\"4G\",\"5G\"]},{\"frequencyMHz\":900,\"maxEirpDbm\":64.0,\"technology\":[\"4G\",\"5G\"]},{\"frequencyMHz\":1800,\"maxEirpDbm\":64.0,\"technology\":[\"4G\",\"5G\"]},{\"frequencyMHz\":2100,\"maxEirpDbm\":64.0,\"technology\":[\"4G\",\"5G\"]}]"},"geometry":{"type":"Point","coordinates":[-10.02747,53.957109]}},{"type":"Feature","id":"0-27","properties":{"network":"Eir","networkIndex":0,"technologies":["4G","5G"],"frequenciesMHz":[700,800,900,1800,2100],"bandsJson":"[{\"frequencyMHz\":700,\"maxEirpDbm\":64.0,\"technology\":[\"4G\",\"5G\"]},{\"frequencyMHz\":800,\"maxEirpDbm\":59.0,\"technology\":[\"4G\",\"5G\"]},{\"frequencyMHz\":900,\"maxEirpDbm\":64.0,\"technology\":[\"4G\",\"5G\"]},{\"frequencyMHz\":1800,\"maxEirpDbm\":64.0,\"technology\":[\"4G\",\"5G\"]},{\"frequencyMHz\":2100,\"maxEirpDbm\":64.0,\"technology\":[\"4G\",\"5G\"]}]"},"geometry":{"type":"Point","coordinates":[-10.022571,53.488764]}},{"type":"Feature","id":"0-28","properties":{"network":"Eir","networkIndex":0,"technologies":["4G","5G"],"frequenciesMHz":[700,800,900,1800,2100,2300],"bandsJson":"[{\"frequencyMHz\":700,\"maxEirpDbm\":64.0,\"technology\":[\"4G\",\"5G\"]},{\"frequencyMHz\":800,\"maxEirpDbm\":59.0,\"technology\":[\"4G\",\"5G\"]},{\"frequencyMHz\":900,\"maxEirpDbm\":64.0,\"technology\":[\"4G\",\"5G\"]},{\"frequencyMHz\":1800,\"maxEirpDbm\":64.0,\"technology\":[\"4G\",\"5G\"]},{\"frequencyMHz\":2100,\"maxEirpDbm\":64.0,\"technology\":[\"4G\",\"5G\"]},{\"frequencyMHz\":2300,\"maxEirpDbm\":68.0,\"technology\":[\"4G\",\"5G\"]}]"},"geometry":{"type":"Point","coordinates":[-10.012641,53.488123]}},{"type":"Feature","id":"0-29","properties":{"network":"Eir","networkIndex":0,"technologies":["4G","5G"],"frequenciesMHz":[700,800,900],"bandsJson":"[{\"frequencyMHz\":700,\"maxEirpDbm\":64.0,\"technology\":[\"4G\",\"5G\"]},{\"frequencyMHz\":800,\"maxEirpDbm\":59.0,\"technology\":[\"4G\",\"5G\"]},{\"frequencyMHz\":900,\"maxEirpDbm\":64.0,\"technology\":[\"4G\",\"5G\"]}]"},"geometry":{"type":"Point","coordinates":[-10.004699,52.174787]}},{"type":"Feature","id":"0-30","properties":{"network":"Eir","networkIndex":0,"technologies":["4G","5G"],"frequenciesMHz":[700,800,900,1800,2100],"bandsJson":"[{\"frequencyMHz\":700,\"maxEirpDbm\":64.0,\"technology\":[\"4G\",\"5G\"]},{\"frequencyMHz\":800,\"maxEirpDbm\":59.0,\"technology\":[\"4G\",\"5G\"]},{\"frequencyMHz\":900,\"maxEirpDbm\":64.0,\"technology\":[\"4G\",\"5G\"]},{\"frequencyMHz\":1800,\"maxEirpDbm\":64.0,\"technology\":[\"4G\",\"5G\"]},{\"frequencyMHz\":2100,\"maxEirpDbm\":64.0,\"technology\":[\"4G\",\"5G\"]}]"},"geometry":{"type":"Point","coordinates":[-10.000211,51.641648]}},{"type":"Feature","id":"0-31","properties":{"network":"Eir","networkIndex":0,"technologies":["4G","5G"],"frequenciesMHz":[700,800,900],"bandsJson":"[{\"frequencyMHz\":700,\"maxEirpDbm\":64.0,\"technology\":[\"4G\",\"5G\"]},{\"frequencyMHz\":800,\"maxEirpDbm\":59.0,\"technology\":[\"4G\",\"5G\"]},{\"frequencyMHz\":900,\"maxEirpDbm\":64.0,\"technology\":[\"4G\",\"5G\"]}]"},"geometry":{"type":"Point","coordinates":[-9.986609,53.599054]}},{"type":"Feature","id":"0-32","properties":{"network":"Eir","networkIndex":0,"technologies":["4G","5G"],"frequenciesMHz":[700,800,900,1800,2100],"bandsJson":"[{\"frequencyMHz\":700,\"maxEirpDbm\":64.0,\"technology\":[\"4G\",\"5G\"]},{\"frequencyMHz\":800,\"maxEirpDbm\":59.0,\"technology\":[\"4G\",\"5G\"]},{\"frequencyMHz\":900,\"maxEirpDbm\":64.0,\"technology\":[\"4G\",\"5G\"]},{\"frequencyMHz\":1800,\"maxEirpDbm\":64.0,\"technology\":[\"4G\",\"5G\"]},{\"frequencyMHz\":2100,\"maxEirpDbm\":64.0,\"technology\":[\"4G\",\"5G\"]}]"},"geometry":{"type":"Point","coordinates":[-9.982378,54.221416]}},{"type":"Feature","id":"0-33","properties":{"network":"Eir","networkIndex":0,"technologies":["4G","5G"],"frequenciesMHz":[700,800,900],"bandsJson":"[{\"frequencyMHz\":700,\"maxEirpDbm\":64.0,\"technology\":[\"4G\",\"5G\"]},{\"frequencyMHz\":800,\"maxEirpDbm\":59.0,\"technology\":[\"4G\",\"5G\"]},{\"frequencyMHz\":900,\"maxEirpDbm\":64.0,\"technology\":[\"4G\",\"5G\"]}]"},"geometry":{"type":"Point","coordinates":[-9.967941,51.819397]}},{"type":"Feature","id":"0-34","properties":{"network":"Eir","networkIndex":0,"technologies":["4G","5G"],"frequenciesMHz":[700,800,900,1800,2100],"bandsJson":"[{\"frequencyMHz\":700,\"maxEirpDbm\":64.0,\"technology\":[\"4G\",\"5G\"]},{\"frequencyMHz\":800,\"maxEirpDbm\":59.0,\"technology\":[\"4G\",\"5G\"]},{\"frequencyMHz\":900,\"maxEirpDbm\":64.0,\"technology\":[\"4G\",\"5G\"]},{\"frequencyMHz\":1800,\"maxEirpDbm\":64.0,\"technology\":[\"4G\",\"5G\"]},{\"frequencyMHz\":2100,\"maxEirpDbm\":64.0,\"technology\":[\"4G\",\"5G\"]}]"},"geometry":{"type":"Point","coordinates":[-9.964522,51.679977]}},{"type":"Feature","id":"0-35","properties":{"network":"Eir","networkIndex":0,"technologies":["4G","5G"],"frequenciesMHz":[700,800,900],"bandsJson":"[{\"frequencyMHz\":700,\"maxEirpDbm\":64.0,\"technology\":[\"4G\",\"5G\"]},{\"frequencyMHz\":800,\"maxEirpDbm\":59.0,\"technology\":[\"4G\",\"5G\"]},{\"frequencyMHz\":900,\"maxEirpDbm\":64.0,\"technology\":[\"4G\",\"5G\"]}]"},"geometry":{"type":"Point","coordinates":[-9.953116,52.018971]}},{"type":"Feature","id":"0-36","properties":{"network":"Eir","networkIndex":0,"technologies":["4G","5G"],"frequenciesMHz":[700,800,900],"bandsJson":"[{\"frequencyMHz\":700,\"maxEirpDbm\":64.0,\"technology\":[\"4G\",\"5G\"]},{\"frequencyMHz\":800,\"maxEirpDbm\":59.0,\"technology\":[\"4G\",\"5G\"]},{\"frequencyMHz\":900,\"maxEirpDbm\":64.0,\"technology\":[\"4G\",\"5G\"]}]"},"geometry":{"type":"Point","coordinates":[-9.951734,53.798488]}},{"type":"Feature","id":"0-37","properties":{"network":"Eir","networkIndex":0,"technologies":["4G","5G"],"frequenciesMHz":[700,800,900],"bandsJson":"[{\"frequencyMHz\":700,\"maxEirpDbm\":64.0,\"technology\":[\"4G\",\"5G\"]},{\"frequencyMHz\":800,\"maxEirpDbm\":59.0,\"technology\":[\"4G\",\"5G\"]},{\"frequencyMHz\":900,\"maxEirpDbm\":64.0,\"technology\":[\"4G\",\"5G\"]}]"},"geometry":{"type":"Point","coordinates":[-9.947117,53.552993]}},{"type":"Feature","id":"0-38","properties":{"network":"Eir","networkIndex":0,"technologies":["4G","5G"],"frequenciesMHz":[700,800,900],"bandsJson":"[{\"frequencyMHz\":700,\"maxEirpDbm\":64.0,\"technology\":[\"4G\",\"5G\"]},{\"frequencyMHz\":800,\"maxEirpDbm\":59.0,\"technology\":[\"4G\",\"5G\"]},{\"frequencyMHz\":900,\"maxEirpDbm\":64.0,\"technology\":[\"4G\",\"5G\"]}]"},"geometry":{"type":"Point","coordinates":[-9.937967,52.050356]}},{"type":"Feature","id":"0-39","properties":{"network":"Eir","networkIndex":0,"technologies":["4G","5G"],"frequenciesMHz":[700,800,900],"bandsJson":"[{\"frequencyMHz\":700,\"maxEirpDbm\":64.0,\"technology\":[\"4G\",\"5G\"]},{\"frequencyMHz\":800,\"maxEirpDbm\":59.0,\"technology\":[\"4G\",\"5G\"]},{\"frequencyMHz\":900,\"maxEirpDbm\":64.0,\"technology\":[\"4G\",\"5G\"]}]"},"geometry":{"type":"Point","coordinates":[-9.937243,53.50629]}},{"type":"Feature","id":"0-40","properties":{"network":"Eir","networkIndex":0,"technologies":["4G","5G"],"frequenciesMHz":[700,800,900],"bandsJson":"[{\"frequencyMHz\":700,\"maxEirpDbm\":64.0,\"technology\":[\"4G\",\"5G\"]},{\"frequencyMHz\":800,\"maxEirpDbm\":59.0,\"technology\":[\"4G\",\"5G\"]},{\"frequencyMHz\":900,\"maxEirpDbm\":64.0,\"technology\":[\"4G\",\"5G\"]}]"},"geometry":{"type":"Point","coordinates":[-9.922656,53.393056]}},{"type":"Feature","id":"0-41","properties":{"network":"Eir","networkIndex":0,"technologies":["4G","5G"],"frequenciesMHz":[700,800,900,1800,2100],"bandsJson":"[{\"frequencyMHz\":700,\"maxEirpDbm\":64.0,\"technology\":[\"4G\",\"5G\"]},{\"frequencyMHz\":800,\"maxEirpDbm\":59.0,\"technology\":[\"4G\",\"5G\"]},{\"frequencyMHz\":900,\"maxEirpDbm\":64.0,\"technology\":[\"4G\",\"5G\"]},{\"frequencyMHz\":1800,\"maxEirpDbm\":64.0,\"technology\":[\"4G\",\"5G\"]},{\"frequencyMHz\":2100,\"maxEirpDbm\":64.0,\"technology\":[\"4G\",\"5G\"]}]"},"geometry":{"type":"Point","coordinates":[-9.912929,52.21931]}},{"type":"Feature","id":"0-42","properties":{"network":"Eir","networkIndex":0,"technologies":["4G","5G"],"frequenciesMHz":[700,800,900],"bandsJson":"[{\"frequencyMHz\":700,\"maxEirpDbm\":64.0,\"technology\":[\"4G\",\"5G\"]},{\"frequencyMHz\":800,\"maxEirpDbm\":59.0,\"technology\":[\"4G\",\"5G\"]},{\"frequencyMHz\":900,\"maxEirpDbm\":64.0,\"technology\":[\"4G\",\"5G\"]}]"},"geometry":{"type":"Point","coordinates":[-9.909596,53.934599]}},{"type":"Feature","id":"0-43","properties":{"network":"Eir","networkIndex":0,"technologies":["4G","5G"],"frequenciesMHz":[700,800,900],"bandsJson":"[{\"frequencyMHz\":700,\"maxEirpDbm\":64.0,\"technology\":[\"4G\",\"5G\"]},{\"frequencyMHz\":800,\"maxEirpDbm\":59.0,\"technology\":[\"4G\",\"5G\"]},{\"frequencyMHz\":900,\"maxEirpDbm\":64.0,\"technology\":[\"4G\",\"5G\"]}]"},"geometry":{"type":"Point","coordinates":[-9.903955,51.838787]}},{"type":"Feature","id":"0-44","properties":{"network":"Eir","networkIndex":0,"technologies":["4G","5G"],"frequenciesMHz":[700,800,900,1800,2100],"bandsJson":"[{\"frequencyMHz\":700,\"maxEirpDbm\":64.0,\"technology\":[\"4G\",\"5G\"]},{\"frequencyMHz\":800,\"maxEirpDbm\":59.0,\"technology\":[\"4G\",\"5G\"]},{\"frequencyMHz\":900,\"maxEirpDbm\":64.0,\"technology\":[\"4G\",\"5G\"]},{\"frequencyMHz\":1800,\"maxEirpDbm\":64.0,\"technology\":[\"4G\",\"5G\"]},{\"frequencyMHz\":2100,\"maxEirpDbm\":64.0,\"technology\":[\"4G\",\"5G\"]}]"},"geometry":{"type":"Point","coordinates":[-9.901333,51.652298]}},{"type":"Feature","id":"0-45","properties":{"network":"Eir","networkIndex":0,"technologies":["4G","5G"],"frequenciesMHz":[700,800,900],"bandsJson":"[{\"frequencyMHz\":700,\"maxEirpDbm\":64.0,\"technology\":[\"4G\",\"5G\"]},{\"frequencyMHz\":800,\"maxEirpDbm\":59.0,\"technology\":[\"4G\",\"5G\"]},{\"frequencyMHz\":900,\"maxEirpDbm\":64.0,\"technology\":[\"4G\",\"5G\"]}]"},"geometry":{"type":"Point","coordinates":[-9.886295,51.983028]}},{"type":"Feature","id":"0-46","properties":{"network":"Eir","networkIndex":0,"technologies":["4G","5G"],"frequenciesMHz":[700,800,900],"bandsJson":"[{\"frequencyMHz\":700,\"maxEirpDbm\":64.0,\"technology\":[\"4G\",\"5G\"]},{\"frequencyMHz\":800,\"maxEirpDbm\":59.0,\"technology\":[\"4G\",\"5G\"]},{\"frequencyMHz\":900,\"maxEirpDbm\":64.0,\"technology\":[\"4G\",\"5G\"]}]"},"geometry":{"type":"Point","coordinates":[-9.884591,52.081099]}},{"type":"Feature","id":"0-47","properties":{"network":"Eir","networkIndex":0,"technologies":["4G","5G"],"frequenciesMHz":[700,800,900],"bandsJson":"[{\"frequencyMHz\":700,\"maxEirpDbm\":64.0,\"technology\":[\"4G\",\"5G\"]},{\"frequencyMHz\":800,\"maxEirpDbm\":59.0,\"technology\":[\"4G\",\"5G\"]},{\"frequencyMHz\":900,\"maxEirpDbm\":64.0,\"technology\":[\"4G\",\"5G\"]}]"},"geometry":{"type":"Point","coordinates":[-9.866095,51.736143]}},{"type":"Feature","id":"0-48","properties":{"network":"Eir","networkIndex":0,"technologies":["4G","5G"],"frequenciesMHz":[700,800,900],"bandsJson":"[{\"frequencyMHz\":700,\"maxEirpDbm\":64.0,\"technology\":[\"4G\",\"5G\"]},{\"frequencyMHz\":800,\"maxEirpDbm\":59.0,\"technology\":[\"4G\",\"5G\"]},{\"frequencyMHz\":900,\"maxEirpDbm\":64.0,\"technology\":[\"4G\",\"5G\"]}]"},"geometry":{"type":"Point","coordinates":[-9.864423,51.821048]}},{"type":"Feature","id":"0-49","properties":{"network":"Eir","networkIndex":0,"technologies":["4G","5G"],"frequenciesMHz":[700,800,900],"bandsJson":"[{\"frequencyMHz\":700,\"maxEirpDbm\":64.0,\"technology\":[\"4G\",\"5G\"]},{\"frequencyMHz\":800,\"maxEirpDbm\":59.0,\"technology\":[\"4G\",\"5G\"]},{\"frequencyMHz\":900,\"maxEirpDbm\":64.0,\"technology\":[\"4G\",\"5G\"]}]"},"geometry":{"type":"Point","coordinates":[-9.856487,53.455425]}},{"type":"Feature","id":"0-50","properties":{"network":"Eir","networkIndex":0,"technologies":["4G","5G"],"frequenciesMHz":[700,800,900],"bandsJson":"[{\"frequencyMHz\":700,\"maxEirpDbm\":64.0,\"technology\":[\"4G\",\"5G\"]},{\"frequencyMHz\":800,\"maxEirpDbm\":59.0,\"technology\":[\"4G\",\"5G\"]},{\"frequencyMHz\":900,\"maxEirpDbm\":64.0,\"technology\":[\"4G\",\"5G\"]}]"},"geometry":{"type":"Point","coordinates":[-9.845037,54.221719]}},{"type":"Feature","id":"0-51","properties":{"network":"Eir","networkIndex":0,"technologies":["4G","5G"],"frequenciesMHz":[700,800,900],"bandsJson":"[{\"frequencyMHz\":700,\"maxEirpDbm\":64.0,\"technology\":[\"4G\",\"5G\"]},{\"frequencyMHz\":800,\"maxEirpDbm\":59.0,\"technology\":[\"4G\",\"5G\"]},{\"frequencyMHz\":900,\"maxEirpDbm\":64.0,\"technology\":[\"4G\",\"5G\"]}]"},"geometry":{"type":"Point","coordinates":[-9.837359,53.32365]}},{"type":"Feature","id":"0-52","properties":{"network":"Eir","networkIndex":0,"technologies":["4G","5G"],"frequenciesMHz":[700,800,900],"bandsJson":"[{\"frequencyMHz\":700,\"maxEirpDbm\":64.0,\"technology\":[\"4G\",\"5G\"]},{\"frequencyMHz\":800,\"maxEirpDbm\":59.0,\"technology\":[\"4G\",\"5G\"]},{\"frequencyMHz\":900,\"maxEirpDbm\":64.0,\"technology\":[\"4G\",\"5G\"]}]"},"geometry":{"type":"Point","coordinates":[-9.83465,53.692409]}},{"type":"Feature","id":"0-53","properties":{"network":"Eir","networkIndex":0,"technologies":["4G","5G"],"frequenciesMHz":[700,800,900],"bandsJson":"[{\"frequencyMHz\":700,\"maxEirpDbm\":64.0,\"technology\":[\"4G\",\"5G\"]},{\"frequencyMHz\":800,\"maxEirpDbm\":59.0,\"technology\":[\"4G\",\"5G\"]},{\"frequencyMHz\":900,\"maxEirpDbm\":64.0,\"technology\":[\"4G\",\"5G\"]}]"},"geometry":{"type":"Point","coordinates":[-9.82974,52.099319]}},{"type":"Feature","id":"0-54","properties":{"network":"Eir","networkIndex":0,"technologies":["4G","5G"],"frequenciesMHz":[700,800,900,1800,2100],"bandsJson":"[{\"frequencyMHz\":700,\"maxEirpDbm\":64.0,\"technology\":[\"4G\",\"5G\"]},{\"frequencyMHz\":800,\"maxEirpDbm\":59.0,\"technology\":[\"4G\",\"5G\"]},{\"frequencyMHz\":900,\"maxEirpDbm\":64.0,\"technology\":[\"4G\",\"5G\"]},{\"frequencyMHz\":1800,\"maxEirpDbm\":64.0,\"technology\":[\"4G\",\"5G\"]},{\"frequencyMHz\":2100,\"maxEirpDbm\":64.0,\"technology\":[\"4G\",\"5G\"]}]"},"geometry":{"type":"Point","coordinates":[-9.827897,52.388872]}},{"type":"Feature","id":"0-55","properties":{"network":"Eir","networkIndex":0,"technologies":["4G","5G"],"frequenciesMHz":[700,800,900,1800,2100],"bandsJson":"[{\"frequencyMHz\":700,\"maxEirpDbm\":64.0,\"technology\":[\"4G\",\"5G\"]},{\"frequencyMHz\":800,\"maxEirpDbm\":59.0,\"technology\":[\"4G\",\"5G\"]},{\"frequencyMHz\":900,\"maxEirpDbm\":64.0,\"technology\":[\"4G\",\"5G\"]},{\"frequencyMHz\":1800,\"maxEirpDbm\":64.0,\"technology\":[\"4G\",\"5G\"]},{\"frequencyMHz\":2100,\"maxEirpDbm\":64.0,\"technology\":[\"4G\",\"5G\"]}]"},"geometry":{"type":"Point","coordinates":[-9.82619,54.272368]}},{"type":"Feature","id":"0-56","properties":{"network":"Eir","networkIndex":0,"technologies":["4G","5G"],"frequenciesMHz":[700,800,900],"bandsJson":"[{\"frequencyMHz\":700,\"maxEirpDbm\":64.0,\"technology\":[\"4G\",\"5G\"]},{\"frequencyMHz\":800,\"maxEirpDbm\":59.0,\"technology\":[\"4G\",\"5G\"]},{\"frequencyMHz\":900,\"maxEirpDbm\":64.0,\"technology\":[\"4G\",\"5G\"]}]"},"geometry":{"type":"Point","coordinates":[-9.825528,54.025689]}},{"type":"Feature","id":"0-57","properties":{"network":"Eir","networkIndex":0,"technologies":["4G","5G"],"frequenciesMHz":[700,800,900,1800,2100],"bandsJson":"[{\"frequencyMHz\":700,\"maxEirpDbm\":64.0,\"technology\":[\"4G\",\"5G\"]},{\"frequencyMHz\":800,\"maxEirpDbm\":59.0,\"technology\":[\"4G\",\"5G\"]},{\"frequencyMHz\":900,\"maxEirpDbm\":64.0,\"technology\":[\"4G\",\"5G\"]},{\"frequencyMHz\":1800,\"maxEirpDbm\":64.0,\"technology\":[\"4G\",\"5G\"]},{\"frequencyMHz\":2100,\"maxEirpDbm\":64.0,\"technology\":[\"4G\",\"5G\"]}]"},"geometry":{"type":"Point","coordinates":[-9.810235,53.906091]}},{"type":"Feature","id":"0-58","properties":{"network":"Eir","networkIndex":0,"technologies":["4G","5G"],"frequenciesMHz":[700,800,900],"bandsJson":"[{\"frequencyMHz\":700,\"maxEirpDbm\":64.0,\"technology\":[\"4G\",\"5G\"]},{\"frequencyMHz\":800,\"maxEirpDbm\":59.0,\"technology\":[\"4G\",\"5G\"]},{\"frequencyMHz\":900,\"maxEirpDbm\":64.0,\"technology\":[\"4G\",\"5G\"]}]"},"geometry":{"type":"Point","coordinates":[-9.809761,51.662805]}},{"type":"Feature","id":"0-59","properties":{"network":"Eir","networkIndex":0,"technologies":["4G","5G"],"frequenciesMHz":[700,800,900],"bandsJson":"[{\"frequencyMHz\":700,\"maxEirpDbm\":64.0,\"technology\":[\"4G\",\"5G\"]},{\"frequencyMHz\":800,\"maxEirpDbm\":59.0,\"technology\":[\"4G\",\"5G\"]},{\"frequencyMHz\":900,\"maxEirpDbm\":64.0,\"technology\":[\"4G\",\"5G\"]}]"},"geometry":{"type":"Point","coordinates":[-9.807892,54.082437]}},{"type":"Feature","id":"0-60","properties":{"network":"Eir","networkIndex":0,"technologies":["4G","5G"],"frequenciesMHz":[700,800,900],"bandsJson":"[{\"frequencyMHz\":700,\"maxEirpDbm\":64.0,\"technology\":[\"4G\",\"5G\"]},{\"frequencyMHz\":800,\"maxEirpDbm\":59.0,\"technology\":[\"4G\",\"5G\"]},{\"frequencyMHz\":900,\"maxEirpDbm\":64.0,\"technology\":[\"4G\",\"5G\"]}]"},"geometry":{"type":"Point","coordinates":[-9.807482,51.78885]}},{"type":"Feature","id":"0-61","properties":{"network":"Eir","networkIndex":0,"technologies":["4G","5G"],"frequenciesMHz":[700,800,900,1800,2100],"bandsJson":"[{\"frequencyMHz\":700,\"maxEirpDbm\":64.0,\"technology\":[\"4G\",\"5G\"]},{\"frequencyMHz\":800,\"maxEirpDbm\":59.0,\"technology\":[\"4G\",\"5G\"]},{\"frequencyMHz\":900,\"maxEirpDbm\":64.0,\"technology\":[\"4G\",\"5G\"]},{\"frequencyMHz\":1800,\"maxEirpDbm\":64.0,\"technology\":[\"4G\",\"5G\"]},{\"frequencyMHz\":2100,\"maxEirpDbm\":64.0,\"technology\":[\"4G\",\"5G\"]}]"},"geometry":{"type":"Point","coordinates":[-9.804209,52.293517]}},{"type":"Feature","id":"0-62","properties":{"network":"Eir","networkIndex":0,"technologies":["4G","5G"],"frequenciesMHz":[700,800,900],"bandsJson":"[{\"frequencyMHz\":700,\"maxEirpDbm\":64.0,\"technology\":[\"4G\",\"5G\"]},{\"frequencyMHz\":800,\"maxEirpDbm\":59.0,\"technology\":[\"4G\",\"5G\"]},{\"frequencyMHz\":900,\"maxEirpDbm\":64.0,\"technology\":[\"4G\",\"5G\"]}]"},"geometry":{"type":"Point","coordinates":[-9.79279,53.556907]}},{"type":"Feature","id":"0-63","properties":{"network":"Eir","networkIndex":0,"technologies":["4G","5G"],"frequenciesMHz":[700,800,900],"bandsJson":"[{\"frequencyMHz\":700,\"maxEirpDbm\":64.0,\"technology\":[\"4G\",\"5G\"]},{\"frequencyMHz\":800,\"maxEirpDbm\":59.0,\"technology\":[\"4G\",\"5G\"]},{\"frequencyMHz\":900,\"maxEirpDbm\":64.0,\"technology\":[\"4G\",\"5G\"]}]"},"geometry":{"type":"Point","coordinates":[-9.791887,53.752802]}},{"type":"Feature","id":"0-64","properties":{"network":"Eir","networkIndex":0,"technologies":["4G","5G"],"frequenciesMHz":[700,800,900,1800,2100,2300],"bandsJson":"[{\"frequencyMHz\":700,\"maxEirpDbm\":64.0,\"technology\":[\"4G\",\"5G\"]},{\"frequencyMHz\":800,\"maxEirpDbm\":59.0,\"technology\":[\"4G\",\"5G\"]},{\"frequencyMHz\":900,\"maxEirpDbm\":64.0,\"technology\":[\"4G\",\"5G\"]},{\"frequencyMHz\":1800,\"maxEirpDbm\":64.0,\"technology\":[\"4G\",\"5G\"]},{\"frequencyMHz\":2100,\"maxEirpDbm\":64.0,\"technology\":[\"4G\",\"5G\"]},{\"frequencyMHz\":2300,\"maxEirpDbm\":68.0,\"technology\":[\"4G\",\"5G\"]}]"},"geometry":{"type":"Point","coordinates":[-9.788806,52.107793]}},{"type":"Feature","id":"0-65","properties":{"network":"Eir","networkIndex":0,"technologies":["4G","5G"],"frequenciesMHz":[700,800,900],"bandsJson":"[{\"frequencyMHz\":700,\"maxEirpDbm\":64.0,\"technology\":[\"4G\",\"5G\"]},{\"frequencyMHz\":800,\"maxEirpDbm\":59.0,\"technology\":[\"4G\",\"5G\"]},{\"frequencyMHz\":900,\"maxEirpDbm\":64.0,\"technology\":[\"4G\",\"5G\"]}]"},"geometry":{"type":"Point","coordinates":[-9.786743,53.579579]}},{"type":"Feature","id":"0-66","properties":{"network":"Eir","networkIndex":0,"technologies":["4G","5G"],"frequenciesMHz":[700,800,900],"bandsJson":"[{\"frequencyMHz\":700,\"maxEirpDbm\":64.0,\"technology\":[\"4G\",\"5G\"]},{\"frequencyMHz\":800,\"maxEirpDbm\":59.0,\"technology\":[\"4G\",\"5G\"]},{\"frequencyMHz\":900,\"maxEirpDbm\":64.0,\"technology\":[\"4G\",\"5G\"]}]"},"geometry":{"type":"Point","coordinates":[-9.780145,53.461278]}},{"type":"Feature","id":"0-67","properties":{"network":"Eir","networkIndex":0,"technologies":["4G","5G"],"frequenciesMHz":[700,800,900],"bandsJson":"[{\"frequencyMHz\":700,\"maxEirpDbm\":64.0,\"technology\":[\"4G\",\"5G\"]},{\"frequencyMHz\":800,\"maxEirpDbm\":59.0,\"technology\":[\"4G\",\"5G\"]},{\"frequencyMHz\":900,\"maxEirpDbm\":64.0,\"technology\":[\"4G\",\"5G\"]}]"},"geometry":{"type":"Point","coordinates":[-9.770047,53.334238]}},{"type":"Feature","id":"0-68","properties":{"network":"Eir","networkIndex":0,"technologies":["4G","5G"],"frequenciesMHz":[700,800,900,1800,2100],"bandsJson":"[{\"frequencyMHz\":700,\"maxEirpDbm\":64.0,\"technology\":[\"4G\",\"5G\"]},{\"frequencyMHz\":800,\"maxEirpDbm\":59.0,\"technology\":[\"4G\",\"5G\"]},{\"frequencyMHz\":900,\"maxEirpDbm\":64.0,\"technology\":[\"4G\",\"5G\"]},{\"frequencyMHz\":1800,\"maxEirpDbm\":64.0,\"technology\":[\"4G\",\"5G\"]},{\"frequencyMHz\":2100,\"maxEirpDbm\":64.0,\"technology\":[\"4G\",\"5G\"]}]"},"geometry":{"type":"Point","coordinates":[-9.755335,52.335669]}},{"type":"Feature","id":"0-69","properties":{"network":"Eir","networkIndex":0,"technologies":["4G"],"frequenciesMHz":[800,900],"bandsJson":"[{\"frequencyMHz\":800,\"maxEirpDbm\":59.0,\"technology\":[\"4G\"]},{\"frequencyMHz\":900,\"maxEirpDbm\":64.0,\"technology\":[\"4G\"]}]"},"geometry":{"type":"Point","coordinates":[-9.75146,52.63435]}},{"type":"Feature","id":"0-70","properties":{"network":"Eir","networkIndex":0,"technologies":["4G","5G"],"frequenciesMHz":[700,800,900],"bandsJson":"[{\"frequencyMHz\":700,\"maxEirpDbm\":64.0,\"technology\":[\"4G\",\"5G\"]},{\"frequencyMHz\":800,\"maxEirpDbm\":59.0,\"technology\":[\"4G\",\"5G\"]},{\"frequencyMHz\":900,\"maxEirpDbm\":64.0,\"technology\":[\"4G\",\"5G\"]}]"},"geometry":{"type":"Point","coordinates":[-9.741947,51.504373]}},{"type":"Feature","id":"0-71","properties":{"network":"Eir","networkIndex":0,"technologies":["4G","5G"],"frequenciesMHz":[700,800,900,1800,2100],"bandsJson":"[{\"frequencyMHz\":700,\"maxEirpDbm\":64.0,\"technology\":[\"4G\",\"5G\"]},{\"frequencyMHz\":800,\"maxEirpDbm\":59.0,\"technology\":[\"4G\",\"5G\"]},{\"frequencyMHz\":900,\"maxEirpDbm\":64.0,\"technology\":[\"4G\",\"5G\"]},{\"frequencyMHz\":1800,\"maxEirpDbm\":64.0,\"technology\":[\"4G\",\"5G\"]},{\"frequencyMHz\":2100,\"maxEirpDbm\":64.0,\"technology\":[\"4G\",\"5G\"]}]"},"geometry":{"type":"Point","coordinates":[-9.741382,52.135557]}},{"type":"Feature","id":"0-72","properties":{"network":"Eir","networkIndex":0,"technologies":["4G","5G"],"frequenciesMHz":[700,800,900],"bandsJson":"[{\"frequencyMHz\":700,\"maxEirpDbm\":64.0,\"technology\":[\"4G\",\"5G\"]},{\"frequencyMHz\":800,\"maxEirpDbm\":59.0,\"technology\":[\"4G\",\"5G\"]},{\"frequencyMHz\":900,\"maxEirpDbm\":64.0,\"technology\":[\"4G\",\"5G\"]}]"},"geometry":{"type":"Point","coordinates":[-9.734422,54.148086]}},{"type":"Feature","id":"0-73","properties":{"network":"Eir","networkIndex":0,"technologies":["4G","5G"],"frequenciesMHz":[700,800,900,1800,2100],"bandsJson":"[{\"frequencyMHz\":700,\"maxEirpDbm\":64.0,\"technology\":[\"4G\",\"5G\"]},{\"frequencyMHz\":800,\"maxEirpDbm\":59.0,\"technology\":[\"4G\",\"5G\"]},{\"frequencyMHz\":900,\"maxEirpDbm\":64.0,\"technology\":[\"4G\",\"5G\"]},{\"frequencyMHz\":1800,\"maxEirpDbm\":64.0,\"technology\":[\"4G\",\"5G\"]},{\"frequencyMHz\":2100,\"maxEirpDbm\":64.0,\"technology\":[\"4G\",\"5G\"]}]"},"geometry":{"type":"Point","coordinates":[-9.732252,53.328853]}},{"type":"Feature","id":"0-74","properties":{"network":"Eir","networkIndex":0,"technologies":["4G","5G"],"frequenciesMHz":[700,800,900],"bandsJson":"[{\"frequencyMHz\":700,\"maxEirpDbm\":64.0,\"technology\":[\"4G\",\"5G\"]},{\"frequencyMHz\":800,\"maxEirpDbm\":59.0,\"technology\":[\"4G\",\"5G\"]},{\"frequencyMHz\":900,\"maxEirpDbm\":64.0,\"technology\":[\"4G\",\"5G\"]}]"},"geometry":{"type":"Point","coordinates":[-9.728439,51.864039]}},{"type":"Feature","id":"0-75","properties":{"network":"Eir","networkIndex":0,"technologies":["4G","5G"],"frequenciesMHz":[700,800,900,1800,2100],"bandsJson":"[{\"frequencyMHz\":700,\"maxEirpDbm\":64.0,\"technology\":[\"4G\",\"5G\"]},{\"frequencyMHz\":800,\"maxEirpDbm\":59.0,\"technology\":[\"4G\",\"5G\"]},{\"frequencyMHz\":900,\"maxEirpDbm\":64.0,\"technology\":[\"4G\",\"5G\"]},{\"frequencyMHz\":1800,\"maxEirpDbm\":64.0,\"technology\":[\"4G\",\"5G\"]},{\"frequencyMHz\":2100,\"maxEirpDbm\":64.0,\"technology\":[\"4G\",\"5G\"]}]"},"geometry":{"type":"Point","coordinates":[-9.727457,52.279107]}},{"type":"Feature","id":"0-76","properties":{"network":"Eir","networkIndex":0,"technologies":["4G","5G"],"frequenciesMHz":[700,800,900],"bandsJson":"[{\"frequencyMHz\":700,\"maxEirpDbm\":64.0,\"technology\":[\"4G\",\"5G\"]},{\"frequencyMHz\":800,\"maxEirpDbm\":59.0,\"technology\":[\"4G\",\"5G\"]},{\"frequencyMHz\":900,\"maxEirpDbm\":64.0,\"technology\":[\"4G\",\"5G\"]}]"},"geometry":{"type":"Point","coordinates":[-9.726859,51.573862]}},{"type":"Feature","id":"0-77","properties":{"network":"Eir","networkIndex":0,"technologies":["4G","5G"],"frequenciesMHz":[700,800,900],"bandsJson":"[{\"frequencyMHz\":700,\"maxEirpDbm\":64.0,\"technology\":[\"4G\",\"5G\"]},{\"frequencyMHz\":800,\"maxEirpDbm\":59.0,\"technology\":[\"4G\",\"5G\"]},{\"frequencyMHz\":900,\"maxEirpDbm\":64.0,\"technology\":[\"4G\",\"5G\"]}]"},"geometry":{"type":"Point","coordinates":[-9.720853,53.465076]}},{"type":"Feature","id":"0-78","properties":{"network":"Eir","networkIndex":0,"technologies":["4G","5G"],"frequenciesMHz":[700,800,900],"bandsJson":"[{\"frequencyMHz\":700,\"maxEirpDbm\":64.0,\"technology\":[\"4G\",\"5G\"]},{\"frequencyMHz\":800,\"maxEirpDbm\":59.0,\"technology\":[\"4G\",\"5G\"]},{\"frequencyMHz\":900,\"maxEirpDbm\":64.0,\"technology\":[\"4G\",\"5G\"]}]"},"geometry":{"type":"Point","coordinates":[-9.71767,52.146016]}},{"type":"Feature","id":"0-79","properties":{"network":"Eir","networkIndex":0,"technologies":["4G","5G"],"frequenciesMHz":[700,800,900],"bandsJson":"[{\"frequencyMHz\":700,\"maxEirpDbm\":64.0,\"technology\":[\"4G\",\"5G\"]},{\"frequencyMHz\":800,\"maxEirpDbm\":59.0,\"technology\":[\"4G\",\"5G\"]},{\"frequencyMHz\":900,\"maxEirpDbm\":64.0,\"technology\":[\"4G\",\"5G\"]}]"},"geometry":{"type":"Point","coordinates":[-9.715765,53.597592]}},{"type":"Feature","id":"0-80","properties":{"network":"Eir","networkIndex":0,"technologies":["4G","5G"],"frequenciesMHz":[700,800,900,1800,2100,3600],"bandsJson":"[{\"frequencyMHz\":700,\"maxEirpDbm\":64.0,\"technology\":[\"4G\",\"5G\"]},{\"frequencyMHz\":800,\"maxEirpDbm\":59.0,\"technology\":[\"4G\",\"5G\"]},{\"frequencyMHz\":900,\"maxEirpDbm\":64.0,\"technology\":[\"4G\",\"5G\"]},{\"frequencyMHz\":1800,\"maxEirpDbm\":64.0,\"technology\":[\"4G\",\"5G\"]},{\"frequencyMHz\":2100,\"maxEirpDbm\":64.0,\"technology\":[\"4G\",\"5G\"]},{\"frequencyMHz\":3600,\"maxEirpDbm\":64.0,\"technology\":[\"4G\",\"5G\"]}]"},"geometry":{"type":"Point","coordinates":[-9.71436,52.266275]}},{"type":"Feature","id":"0-81","properties":{"network":"Eir","networkIndex":0,"technologies":["4G","5G"],"frequenciesMHz":[700,800,900,1800,2100],"bandsJson":"[{\"frequencyMHz\":700,\"maxEirpDbm\":64.0,\"technology\":[\"4G\",\"5G\"]},{\"frequencyMHz\":800,\"maxEirpDbm\":59.0,\"technology\":[\"4G\",\"5G\"]},{\"frequencyMHz\":900,\"maxEirpDbm\":64.0,\"technology\":[\"4G\",\"5G\"]},{\"frequencyMHz\":1800,\"maxEirpDbm\":64.0,\"technology\":[\"4G\",\"5G\"]},{\"frequencyMHz\":2100,\"maxEirpDbm\":64.0,\"technology\":[\"4G\",\"5G\"]}]"},"geometry":{"type":"Point","coordinates":[-9.713597,52.213025]}},{"type":"Feature","id":"0-82","properties":{"network":"Eir","networkIndex":0,"technologies":["4G","5G"],"frequenciesMHz":[700,800,900],"bandsJson":"[{\"frequencyMHz\":700,\"maxEirpDbm\":64.0,\"technology\":[\"4G\",\"5G\"]},{\"frequencyMHz\":800,\"maxEirpDbm\":59.0,\"technology\":[\"4G\",\"5G\"]},{\"frequencyMHz\":900,\"maxEirpDbm\":64.0,\"technology\":[\"4G\",\"5G\"]}]"},"geometry":{"type":"Point","coordinates":[-9.713583,51.974253]}},{"type":"Feature","id":"0-83","properties":{"network":"Eir","networkIndex":0,"technologies":["4G","5G"],"frequenciesMHz":[700,800,900,1800,2100],"bandsJson":"[{\"frequencyMHz\":700,\"maxEirpDbm\":64.0,\"technology\":[\"4G\",\"5G\"]},{\"frequencyMHz\":800,\"maxEirpDbm\":59.0,\"technology\":[\"4G\",\"5G\"]},{\"frequencyMHz\":900,\"maxEirpDbm\":64.0,\"technology\":[\"4G\",\"5G\"]},{\"frequencyMHz\":1800,\"maxEirpDbm\":64.0,\"technology\":[\"4G\",\"5G\"]},{\"frequencyMHz\":2100,\"maxEirpDbm\":64.0,\"technology\":[\"4G\",\"5G\"]}]"},"geometry":{"type":"Point","coordinates":[-9.713098,52.283702]}},{"type":"Feature","id":"0-84","properties":{"network":"Eir","networkIndex":0,"technologies":["4G","5G"],"frequenciesMHz":[700,800,900,1800,2100,2300],"bandsJson":"[{\"frequencyMHz\":700,\"maxEirpDbm\":64.0,\"technology\":[\"4G\",\"5G\"]},{\"frequencyMHz\":800,\"maxEirpDbm\":59.0,\"technology\":[\"4G\",\"5G\"]},{\"frequencyMHz\":900,\"maxEirpDbm\":64.0,\"technology\":[\"4G\",\"5G\"]},{\"frequencyMHz\":1800,\"maxEirpDbm\":64.0,\"technology\":[\"4G\",\"5G\"]},{\"frequencyMHz\":2100,\"maxEirpDbm\":64.0,\"technology\":[\"4G\",\"5G\"]},{\"frequencyMHz\":2300,\"maxEirpDbm\":68.0,\"technology\":[\"4G\",\"5G\"]}]"},"geometry":{"type":"Point","coordinates":[-9.706754,52.270403]}},{"type":"Feature","id":"0-85","properties":{"network":"Eir","networkIndex":0,"technologies":["4G","5G"],"frequenciesMHz":[700,800,900],"bandsJson":"[{\"frequencyMHz\":700,\"maxEirpDbm\":64.0,\"technology\":[\"4G\",\"5G\"]},{\"frequencyMHz\":800,\"maxEirpDbm\":59.0,\"technology\":[\"4G\",\"5G\"]},{\"frequencyMHz\":900,\"maxEirpDbm\":64.0,\"technology\":[\"4G\",\"5G\"]}]"},"geometry":{"type":"Point","coordinates":[-9.706672,53.770543]}},{"type":"Feature","id":"0-86","properties":{"network":"Eir","networkIndex":0,"technologies":["4G","5G"],"frequenciesMHz":[700,800,900],"bandsJson":"[{\"frequencyMHz\":700,\"maxEirpDbm\":64.0,\"technology\":[\"4G\",\"5G\"]},{\"frequencyMHz\":800,\"maxEirpDbm\":59.0,\"technology\":[\"4G\",\"5G\"]},{\"frequencyMHz\":900,\"maxEirpDbm\":64.0,\"technology\":[\"4G\",\"5G\"]}]"},"geometry":{"type":"Point","coordinates":[-9.704485,51.687912]}},{"type":"Feature","id":"0-87","properties":{"network":"Eir","networkIndex":0,"technologies":["4G","5G"],"frequenciesMHz":[700,800,900,1800,2100,2300],"bandsJson":"[{\"frequencyMHz\":700,\"maxEirpDbm\":64.0,\"technology\":[\"4G\",\"5G\"]},{\"frequencyMHz\":800,\"maxEirpDbm\":59.0,\"technology\":[\"4G\",\"5G\"]},{\"frequencyMHz\":900,\"maxEirpDbm\":64.0,\"technology\":[\"4G\",\"5G\"]},{\"frequencyMHz\":1800,\"maxEirpDbm\":64.0,\"technology\":[\"4G\",\"5G\"]},{\"frequencyMHz\":2100,\"maxEirpDbm\":64.0,\"technology\":[\"4G\",\"5G\"]},{\"frequencyMHz\":2300,\"maxEirpDbm\":68.0,\"technology\":[\"4G\",\"5G\"]}]"},"geometry":{"type":"Point","coordinates":[-9.702565,52.279972]}},{"type":"Feature","id":"0-88","properties":{"network":"Eir","networkIndex":0,"technologies":["4G","5G"],"frequenciesMHz":[700,800,900,1800,2100,3600],"bandsJson":"[{\"frequencyMHz\":700,\"maxEirpDbm\":64.0,\"technology\":[\"4G\",\"5G\"]},{\"frequencyMHz\":800,\"maxEirpDbm\":59.0,\"technology\":[\"4G\",\"5G\"]},{\"frequencyMHz\":900,\"maxEirpDbm\":64.0,\"technology\":[\"4G\",\"5G\"]},{\"frequencyMHz\":1800,\"maxEirpDbm\":64.0,\"technology\":[\"4G\",\"5G\"]},{\"frequencyMHz\":2100,\"maxEirpDbm\":64.0,\"technology\":[\"4G\",\"5G\"]},{\"frequencyMHz\":3600,\"maxEirpDbm\":64.0,\"technology\":[\"4G\",\"5G\"]}]"},"geometry":{"type":"Point","coordinates":[-9.701585,52.269704]}},{"type":"Feature","id":"0-89","properties":{"network":"Eir","networkIndex":0,"technologies":["4G","5G"],"frequenciesMHz":[700,800,900,1800,2100],"bandsJson":"[{\"frequencyMHz\":700,\"maxEirpDbm\":64.0,\"technology\":[\"4G\",\"5G\"]},{\"frequencyMHz\":800,\"maxEirpDbm\":59.0,\"technology\":[\"4G\",\"5G\"]},{\"frequencyMHz\":900,\"maxEirpDbm\":64.0,\"technology\":[\"4G\",\"5G\"]},{\"frequencyMHz\":1800,\"maxEirpDbm\":64.0,\"technology\":[\"4G\",\"5G\"]},{\"frequencyMHz\":2100,\"maxEirpDbm\":64.0,\"technology\":[\"4G\",\"5G\"]}]"},"geometry":{"type":"Point","coordinates":[-9.696884,52.272028]}},{"type":"Feature","id":"0-90","properties":{"network":"Eir","networkIndex":0,"technologies":["4G","5G"],"frequenciesMHz":[700,800,900],"bandsJson":"[{\"frequencyMHz\":700,\"maxEirpDbm\":64.0,\"technology\":[\"4G\",\"5G\"]},{\"frequencyMHz\":800,\"maxEirpDbm\":59.0,\"technology\":[\"4G\",\"5G\"]},{\"frequencyMHz\":900,\"maxEirpDbm\":64.0,\"technology\":[\"4G\",\"5G\"]}]"},"geometry":{"type":"Point","coordinates":[-9.690823,52.345651]}},{"type":"Feature","id":"0-91","properties":{"network":"Eir","networkIndex":0,"technologies":["4G","5G"],"frequenciesMHz":[700,800,900,1800,2100,2300],"bandsJson":"[{\"frequencyMHz\":700,\"maxEirpDbm\":64.0,\"technology\":[\"4G\",\"5G\"]},{\"frequencyMHz\":800,\"maxEirpDbm\":59.0,\"technology\":[\"4G\",\"5G\"]},{\"frequencyMHz\":900,\"maxEirpDbm\":64.0,\"technology\":[\"4G\",\"5G\"]},{\"frequencyMHz\":1800,\"maxEirpDbm\":64.0,\"technology\":[\"4G\",\"5G\"]},{\"frequencyMHz\":2100,\"maxEirpDbm\":64.0,\"technology\":[\"4G\",\"5G\"]},{\"frequencyMHz\":2300,\"maxEirpDbm\":68.0,\"technology\":[\"4G\",\"5G\"]}]"},"geometry":{"type":"Point","coordinates":[-9.688656,52.260246]}},{"type":"Feature","id":"0-92","properties":{"network":"Eir","networkIndex":0,"technologies":["4G","5G"],"frequenciesMHz":[700,800,900,1800,2100,2300],"bandsJson":"[{\"frequencyMHz\":700,\"maxEirpDbm\":64.0,\"technology\":[\"4G\",\"5G\"]},{\"frequencyMHz\":800,\"maxEirpDbm\":59.0,\"technology\":[\"4G\",\"5G\"]},{\"frequencyMHz\":900,\"maxEirpDbm\":64.0,\"technology\":[\"4G\",\"5G\"]},{\"frequencyMHz\":1800,\"maxEirpDbm\":64.0,\"technology\":[\"4G\",\"5G\"]},{\"frequencyMHz\":2100,\"maxEirpDbm\":64.0,\"technology\":[\"4G\",\"5G\"]},{\"frequencyMHz\":2300,\"maxEirpDbm\":68.0,\"technology\":[\"4G\",\"5G\"]}]"},"geometry":{"type":"Point","coordinates":[-9.678854,52.273337]}},{"type":"Feature","id":"0-93","properties":{"network":"Eir","networkIndex":0,"technologies":["4G","5G"],"frequenciesMHz":[700,800,900,1800,2100,2300],"bandsJson":"[{\"frequencyMHz\":700,\"maxEirpDbm\":64.0,\"technology\":[\"4G\",\"5G\"]},{\"frequencyMHz\":800,\"maxEirpDbm\":59.0,\"technology\":[\"4G\",\"5G\"]},{\"frequencyMHz\":900,\"maxEirpDbm\":64.0,\"technology\":[\"4G\",\"5G\"]},{\"frequencyMHz\":1800,\"maxEirpDbm\":64.0,\"technology\":[\"4G\",\"5G\"]},{\"frequencyMHz\":2100,\"maxEirpDbm\":64.0,\"technology\":[\"4G\",\"5G\"]},{\"frequencyMHz\":2300,\"maxEirpDbm\":68.0,\"technology\":[\"4G\",\"5G\"]}]"},"geometry":{"type":"Point","coordinates":[-9.673224,52.289568]}},{"type":"Feature","id":"0-94","properties":{"network":"Eir","networkIndex":0,"technologies":["4G"],"frequenciesMHz":[700,800,900,1800,2100],"bandsJson":"[{\"frequencyMHz\":700,\"maxEirpDbm\":64.0,\"technology\":[\"4G\"]},{\"frequencyMHz\":800,\"maxEirpDbm\":59.0,\"technology\":[\"4G\"]},{\"frequencyMHz\":900,\"maxEirpDbm\":64.0,\"technology\":[\"4G\"]},{\"frequencyMHz\":1800,\"maxEirpDbm\":64.0,\"technology\":[\"4G\"]},{\"frequencyMHz\":2100,\"maxEirpDbm\":64.0,\"technology\":[\"4G\"]}]"},"geometry":{"type":"Point","coordinates":[-9.67259,52.264169]}},{"type":"Feature","id":"0-95","properties":{"network":"Eir","networkIndex":0,"technologies":["4G","5G"],"frequenciesMHz":[700,800,900],"bandsJson":"[{\"frequencyMHz\":700,\"maxEirpDbm\":64.0,\"technology\":[\"4G\",\"5G\"]},{\"frequencyMHz\":800,\"maxEirpDbm\":59.0,\"technology\":[\"4G\",\"5G\"]},{\"frequencyMHz\":900,\"maxEirpDbm\":64.0,\"technology\":[\"4G\",\"5G\"]}]"},"geometry":{"type":"Point","coordinates":[-9.670728,52.452132]}},{"type":"Feature","id":"0-96","properties":{"network":"Eir","networkIndex":0,"technologies":["4G","5G"],"frequenciesMHz":[700,800,900,1800,2100],"bandsJson":"[{\"frequencyMHz\":700,\"maxEirpDbm\":64.0,\"technology\":[\"4G\",\"5G\"]},{\"frequencyMHz\":800,\"maxEirpDbm\":59.0,\"technology\":[\"4G\",\"5G\"]},{\"frequencyMHz\":900,\"maxEirpDbm\":64.0,\"technology\":[\"4G\",\"5G\"]},{\"frequencyMHz\":1800,\"maxEirpDbm\":64.0,\"technology\":[\"4G\",\"5G\"]},{\"frequencyMHz\":2100,\"maxEirpDbm\":64.0,\"technology\":[\"4G\",\"5G\"]}]"},"geometry":{"type":"Point","coordinates":[-9.667931,53.121495]}},{"type":"Feature","id":"0-97","properties":{"network":"Eir","networkIndex":0,"technologies":["4G","5G"],"frequenciesMHz":[700,800,900,1800,2100],"bandsJson":"[{\"frequencyMHz\":700,\"maxEirpDbm\":64.0,\"technology\":[\"4G\",\"5G\"]},{\"frequencyMHz\":800,\"maxEirpDbm\":59.0,\"technology\":[\"4G\",\"5G\"]},{\"frequencyMHz\":900,\"maxEirpDbm\":64.0,\"technology\":[\"4G\",\"5G\"]},{\"frequencyMHz\":1800,\"maxEirpDbm\":64.0,\"technology\":[\"4G\",\"5G\"]},{\"frequencyMHz\":2100,\"maxEirpDbm\":64.0,\"technology\":[\"4G\",\"5G\"]}]"},"geometry":{"type":"Point","coordinates":[-9.666176,52.511575]}},{"type":"Feature","id":"0-98","properties":{"network":"Eir","networkIndex":0,"technologies":["4G","5G"],"frequenciesMHz":[700,800,900],"bandsJson":"[{\"frequencyMHz\":700,\"maxEirpDbm\":64.0,\"technology\":[\"4G\",\"5G\"]},{\"frequencyMHz\":800,\"maxEirpDbm\":59.0,\"technology\":[\"4G\",\"5G\"]},{\"frequencyMHz\":900,\"maxEirpDbm\":64.0,\"technology\":[\"4G\",\"5G\"]}]"},"geometry":{"type":"Point","coordinates":[-9.665878,53.616187]}},{"type":"Feature","id":"0-99","properties":{"network":"Eir","networkIndex":0,"technologies":["4G","5G"],"frequenciesMHz":[700,800,900,1800,2100,2300],"bandsJson":"[{\"frequencyMHz\":700,\"maxEirpDbm\":64.0,\"technology\":[\"4G\",\"5G\"]},{\"frequencyMHz\":800,\"maxEirpDbm\":59.0,\"technology\":[\"4G\",\"5G\"]},{\"frequencyMHz\":900,\"maxEirpDbm\":64.0,\"technology\":[\"4G\",\"5G\"]},{\"frequencyMHz\":1800,\"maxEirpDbm\":64.0,\"technology\":[\"4G\",\"5G\"]},{\"frequencyMHz\":2100,\"maxEirpDbm\":64.0,\"technology\":[\"4G\",\"5G\"]},{\"frequencyMHz\":2300,\"maxEirpDbm\":68.0,\"technology\":[\"4G\",\"5G\"]}]"},"geometry":{"type":"Point","coordinates":[-9.664491,52.662906]}},{"type":"Feature","id":"0-100","properties":{"network":"Eir","networkIndex":0,"technologies":["4G","5G"],"frequenciesMHz":[700,800,900],"bandsJson":"[{\"frequencyMHz\":700,\"maxEirpDbm\":64.0,\"technology\":[\"4G\",\"5G\"]},{\"frequencyMHz\":800,\"maxEirpDbm\":59.0,\"technology\":[\"4G\",\"5G\"]},{\"frequencyMHz\":900,\"maxEirpDbm\":64.0,\"technology\":[\"4G\",\"5G\"]}]"},"geometry":{"type":"Point","coordinates":[-9.663474,53.270163]}},{"type":"Feature","id":"0-101","properties":{"network":"Eir","networkIndex":0,"technologies":["4G","5G"],"frequenciesMHz":[700,800,900],"bandsJson":"[{\"frequencyMHz\":700,\"maxEirpDbm\":64.0,\"technology\":[\"4G\",\"5G\"]},{\"frequencyMHz\":800,\"maxEirpDbm\":59.0,\"technology\":[\"4G\",\"5G\"]},{\"frequencyMHz\":900,\"maxEirpDbm\":64.0,\"technology\":[\"4G\",\"5G\"]}]"},"geometry":{"type":"Point","coordinates":[-9.659169,51.937229]}},{"type":"Feature","id":"0-102","properties":{"network":"Eir","networkIndex":0,"technologies":["4G","5G"],"frequenciesMHz":[700,800,900],"bandsJson":"[{\"frequencyMHz\":700,\"maxEirpDbm\":64.0,\"technology\":[\"4G\",\"5G\"]},{\"frequencyMHz\":800,\"maxEirpDbm\":59.0,\"technology\":[\"4G\",\"5G\"]},{\"frequencyMHz\":900,\"maxEirpDbm\":64.0,\"technology\":[\"4G\",\"5G\"]}]"},"geometry":{"type":"Point","coordinates":[-9.651538,52.081718]}},{"type":"Feature","id":"0-103","properties":{"network":"Eir","networkIndex":0,"technologies":["4G","5G"],"frequenciesMHz":[700,800,900,1800,2100,2300],"bandsJson":"[{\"frequencyMHz\":700,\"maxEirpDbm\":64.0,\"technology\":[\"4G\",\"5G\"]},{\"frequencyMHz\":800,\"maxEirpDbm\":59.0,\"technology\":[\"4G\",\"5G\"]},{\"frequencyMHz\":900,\"maxEirpDbm\":64.0,\"technology\":[\"4G\",\"5G\"]},{\"frequencyMHz\":1800,\"maxEirpDbm\":64.0,\"technology\":[\"4G\",\"5G\"]},{\"frequencyMHz\":2100,\"maxEirpDbm\":64.0,\"technology\":[\"4G\",\"5G\"]},{\"frequencyMHz\":2300,\"maxEirpDbm\":68.0,\"technology\":[\"4G\",\"5G\"]}]"},"geometry":{"type":"Point","coordinates":[-9.647237,52.68442]}},{"type":"Feature","id":"0-104","properties":{"network":"Eir","networkIndex":0,"technologies":["4G","5G"],"frequenciesMHz":[700,800,900],"bandsJson":"[{\"frequencyMHz\":700,\"maxEirpDbm\":64.0,\"technology\":[\"4G\",\"5G\"]},{\"frequencyMHz\":800,\"maxEirpDbm\":59.0,\"technology\":[\"4G\",\"5G\"]},{\"frequencyMHz\":900,\"maxEirpDbm\":64.0,\"technology\":[\"4G\",\"5G\"]}]"},"geometry":{"type":"Point","coordinates":[-9.645229,51.986247]}},{"type":"Feature","id":"0-105","properties":{"network":"Eir","networkIndex":0,"technologies":["4G","5G"],"frequenciesMHz":[700,800,900],"bandsJson":"[{\"frequencyMHz\":700,\"maxEirpDbm\":64.0,\"technology\":[\"4G\",\"5G\"]},{\"frequencyMHz\":800,\"maxEirpDbm\":59.0,\"technology\":[\"4G\",\"5G\"]},{\"frequencyMHz\":900,\"maxEirpDbm\":64.0,\"technology\":[\"4G\",\"5G\"]}]"},"geometry":{"type":"Point","coordinates":[-9.6376,52.255932]}},{"type":"Feature","id":"0-106","properties":{"network":"Eir","networkIndex":0,"technologies":["4G","5G"],"frequenciesMHz":[700,800,900],"bandsJson":"[{\"frequencyMHz\":700,\"maxEirpDbm\":64.0,\"technology\":[\"4G\",\"5G\"]},{\"frequencyMHz\":800,\"maxEirpDbm\":59.0,\"technology\":[\"4G\",\"5G\"]},{\"frequencyMHz\":900,\"maxEirpDbm\":64.0,\"technology\":[\"4G\",\"5G\"]}]"},"geometry":{"type":"Point","coordinates":[-9.636127,53.779919]}},{"type":"Feature","id":"0-107","properties":{"network":"Eir","networkIndex":0,"technologies":["4G","5G"],"frequenciesMHz":[700,800,900],"bandsJson":"[{\"frequencyMHz\":700,\"maxEirpDbm\":64.0,\"technology\":[\"4G\",\"5G\"]},{\"frequencyMHz\":800,\"maxEirpDbm\":59.0,\"technology\":[\"4G\",\"5G\"]},{\"frequencyMHz\":900,\"maxEirpDbm\":64.0,\"technology\":[\"4G\",\"5G\"]}]"},"geometry":{"type":"Point","coordinates":[-9.627092,52.059759]}},{"type":"Feature","id":"0-108","properties":{"network":"Eir","networkIndex":0,"technologies":["4G","5G"],"frequenciesMHz":[700,800,900],"bandsJson":"[{\"frequencyMHz\":700,\"maxEirpDbm\":64.0,\"technology\":[\"4G\",\"5G\"]},{\"frequencyMHz\":800,\"maxEirpDbm\":59.0,\"technology\":[\"4G\",\"5G\"]},{\"frequencyMHz\":900,\"maxEirpDbm\":64.0,\"technology\":[\"4G\",\"5G\"]}]"},"geometry":{"type":"Point","coordinates":[-9.619569,52.400466]}},{"type":"Feature","id":"0-109","properties":{"network":"Eir","networkIndex":0,"technologies":["4G","5G"],"frequenciesMHz":[700,800,900,1800,2100],"bandsJson":"[{\"frequencyMHz\":700,\"maxEirpDbm\":64.0,\"technology\":[\"4G\",\"5G\"]},{\"frequencyMHz\":800,\"maxEirpDbm\":59.0,\"technology\":[\"4G\",\"5G\"]},{\"frequencyMHz\":900,\"maxEirpDbm\":64.0,\"technology\":[\"4G\",\"5G\"]},{\"frequencyMHz\":1800,\"maxEirpDbm\":64.0,\"technology\":[\"4G\",\"5G\"]},{\"frequencyMHz\":2100,\"maxEirpDbm\":64.0,\"technology\":[\"4G\",\"5G\"]}]"},"geometry":{"type":"Point","coordinates":[-9.606428,52.523626]}},{"type":"Feature","id":"0-110","properties":{"network":"Eir","networkIndex":0,"technologies":["4G","5G"],"frequenciesMHz":[700,800,900],"bandsJson":"[{\"frequencyMHz\":700,\"maxEirpDbm\":64.0,\"technology\":[\"4G\",\"5G\"]},{\"frequencyMHz\":800,\"maxEirpDbm\":59.0,\"technology\":[\"4G\",\"5G\"]},{\"frequencyMHz\":900,\"maxEirpDbm\":64.0,\"technology\":[\"4G\",\"5G\"]}]"},"geometry":{"type":"Point","coordinates":[-9.604904,53.463931]}},{"type":"Feature","id":"0-111","properties":{"network":"Eir","networkIndex":0,"technologies":["4G","5G"],"frequenciesMHz":[700,800,900,1800,2100],"bandsJson":"[{\"frequencyMHz\":700,\"maxEirpDbm\":64.0,\"technology\":[\"4G\",\"5G\"]},{\"frequencyMHz\":800,\"maxEirpDbm\":59.0,\"technology\":[\"4G\",\"5G\"]},{\"frequencyMHz\":900,\"maxEirpDbm\":64.0,\"technology\":[\"4G\",\"5G\"]},{\"frequencyMHz\":1800,\"maxEirpDbm\":64.0,\"technology\":[\"4G\",\"5G\"]},{\"frequencyMHz\":2100,\"maxEirpDbm\":64.0,\"technology\":[\"4G\",\"5G\"]}]"},"geometry":{"type":"Point","coordinates":[-9.603384,53.265083]}},{"type":"Feature","id":"0-112","properties":{"network":"Eir","networkIndex":0,"technologies":["4G","5G"],"frequenciesMHz":[700,800,900,1800,2100],"bandsJson":"[{\"frequencyMHz\":700,\"maxEirpDbm\":64.0,\"technology\":[\"4G\",\"5G\"]},{\"frequencyMHz\":800,\"maxEirpDbm\":59.0,\"technology\":[\"4G\",\"5G\"]},{\"frequencyMHz\":900,\"maxEirpDbm\":64.0,\"technology\":[\"4G\",\"5G\"]},{\"frequencyMHz\":1800,\"maxEirpDbm\":64.0,\"technology\":[\"4G\",\"5G\"]},{\"frequencyMHz\":2100,\"maxEirpDbm\":64.0,\"technology\":[\"4G\",\"5G\"]}]"},"geometry":{"type":"Point","coordinates":[-9.593597,51.967453]}},{"type":"Feature","id":"0-113","properties":{"network":"Eir","networkIndex":0,"technologies":["4G","5G"],"frequenciesMHz":[700,800,900,1800,2100],"bandsJson":"[{\"frequencyMHz\":700,\"maxEirpDbm\":64.0,\"technology\":[\"4G\",\"5G\"]},{\"frequencyMHz\":800,\"maxEirpDbm\":59.0,\"technology\":[\"4G\",\"5G\"]},{\"frequencyMHz\":900,\"maxEirpDbm\":64.0,\"technology\":[\"4G\",\"5G\"]},{\"frequencyMHz\":1800,\"maxEirpDbm\":64.0,\"technology\":[\"4G\",\"5G\"]},{\"frequencyMHz\":2100,\"maxEirpDbm\":64.0,\"technology\":[\"4G\",\"5G\"]}]"},"geometry":{"type":"Point","coordinates":[-9.590546,51.8845]}},{"type":"Feature","id":"0-114","properties":{"network":"Eir","networkIndex":0,"technologies":["4G","5G"],"frequenciesMHz":[700,800,900],"bandsJson":"[{\"frequencyMHz\":700,\"maxEirpDbm\":64.0,\"technology\":[\"4G\",\"5G\"]},{\"frequencyMHz\":800,\"maxEirpDbm\":59.0,\"technology\":[\"4G\",\"5G\"]},{\"frequencyMHz\":900,\"maxEirpDbm\":64.0,\"technology\":[\"4G\",\"5G\"]}]"},"geometry":{"type":"Point","coordinates":[-9.589904,52.362879]}},{"type":"Feature","id":"0-115","properties":{"network":"Eir","networkIndex":0,"technologies":["4G","5G"],"frequenciesMHz":[700,800,900,1800,2100],"bandsJson":"[{\"frequencyMHz\":700,\"maxEirpDbm\":64.0,\"technology\":[\"4G\",\"5G\"]},{\"frequencyMHz\":800,\"maxEirpDbm\":59.0,\"technology\":[\"4G\",\"5G\"]},{\"frequencyMHz\":900,\"maxEirpDbm\":64.0,\"technology\":[\"4G\",\"5G\"]},{\"frequencyMHz\":1800,\"maxEirpDbm\":64.0,\"technology\":[\"4G\",\"5G\"]},{\"frequencyMHz\":2100,\"maxEirpDbm\":64.0,\"technology\":[\"4G\",\"5G\"]}]"},"geometry":{"type":"Point","coordinates":[-9.58474,51.898662]}},{"type":"Feature","id":"0-116","properties":{"network":"Eir","networkIndex":0,"technologies":["4G","5G"],"frequenciesMHz":[700,800,900],"bandsJson":"[{\"frequencyMHz\":700,\"maxEirpDbm\":64.0,\"technology\":[\"4G\",\"5G\"]},{\"frequencyMHz\":800,\"maxEirpDbm\":59.0,\"technology\":[\"4G\",\"5G\"]},{\"frequencyMHz\":900,\"maxEirpDbm\":64.0,\"technology\":[\"4G\",\"5G\"]}]"},"geometry":{"type":"Point","coordinates":[-9.580952,53.369575]}},{"type":"Feature","id":"0-117","properties":{"network":"Eir","networkIndex":0,"technologies":["4G","5G"],"frequenciesMHz":[700,800,900,1800,2100],"bandsJson":"[{\"frequencyMHz\":700,\"maxEirpDbm\":64.0,\"technology\":[\"4G\",\"5G\"]},{\"frequencyMHz\":800,\"maxEirpDbm\":59.0,\"technology\":[\"4G\",\"5G\"]},{\"frequencyMHz\":900,\"maxEirpDbm\":64.0,\"technology\":[\"4G\",\"5G\"]},{\"frequencyMHz\":1800,\"maxEirpDbm\":64.0,\"technology\":[\"4G\",\"5G\"]},{\"frequencyMHz\":2100,\"maxEirpDbm\":64.0,\"technology\":[\"4G\",\"5G\"]}]"},"geometry":{"type":"Point","coordinates":[-9.578433,52.145274]}},{"type":"Feature","id":"0-118","properties":{"network":"Eir","networkIndex":0,"technologies":["4G","5G"],"frequenciesMHz":[700,800,900],"bandsJson":"[{\"frequencyMHz\":700,\"maxEirpDbm\":64.0,\"technology\":[\"4G\",\"5G\"]},{\"frequencyMHz\":800,\"maxEirpDbm\":59.0,\"technology\":[\"4G\",\"5G\"]},{\"frequencyMHz\":900,\"maxEirpDbm\":64.0,\"technology\":[\"4G\",\"5G\"]}]"},"geometry":{"type":"Point","coordinates":[-9.574871,54.122048]}},{"type":"Feature","id":"0-119","properties":{"network":"Eir","networkIndex":0,"technologies":["4G","5G"],"frequenciesMHz":[700,800,900],"bandsJson":"[{\"frequencyMHz\":700,\"maxEirpDbm\":64.0,\"technology\":[\"4G\",\"5G\"]},{\"frequencyMHz\":800,\"maxEirpDbm\":59.0,\"technology\":[\"4G\",\"5G\"]},{\"frequencyMHz\":900,\"maxEirpDbm\":64.0,\"technology\":[\"4G\",\"5G\"]}]"},"geometry":{"type":"Point","coordinates":[-9.571821,52.066981]}},{"type":"Feature","id":"0-120","properties":{"network":"Eir","networkIndex":0,"technologies":["4G","5G"],"frequenciesMHz":[700,800,900],"bandsJson":"[{\"frequencyMHz\":700,\"maxEirpDbm\":64.0,\"technology\":[\"4G\",\"5G\"]},{\"frequencyMHz\":800,\"maxEirpDbm\":59.0,\"technology\":[\"4G\",\"5G\"]},{\"frequencyMHz\":900,\"maxEirpDbm\":64.0,\"technology\":[\"4G\",\"5G\"]}]"},"geometry":{"type":"Point","coordinates":[-9.565103,53.719299]}},{"type":"Feature","id":"0-121","properties":{"network":"Eir","networkIndex":0,"technologies":["4G","5G"],"frequenciesMHz":[700,800,900,1800,2100],"bandsJson":"[{\"frequencyMHz\":700,\"maxEirpDbm\":64.0,\"technology\":[\"4G\",\"5G\"]},{\"frequencyMHz\":800,\"maxEirpDbm\":59.0,\"technology\":[\"4G\",\"5G\"]},{\"frequencyMHz\":900,\"maxEirpDbm\":64.0,\"technology\":[\"4G\",\"5G\"]},{\"frequencyMHz\":1800,\"maxEirpDbm\":64.0,\"technology\":[\"4G\",\"5G\"]},{\"frequencyMHz\":2100,\"maxEirpDbm\":64.0,\"technology\":[\"4G\",\"5G\"]}]"},"geometry":{"type":"Point","coordinates":[-9.562935,51.517941]}},{"type":"Feature","id":"0-122","properties":{"network":"Eir","networkIndex":0,"technologies":["4G","5G"],"frequenciesMHz":[700,800,900],"bandsJson":"[{\"frequencyMHz\":700,\"maxEirpDbm\":64.0,\"technology\":[\"4G\",\"5G\"]},{\"frequencyMHz\":800,\"maxEirpDbm\":59.0,\"technology\":[\"4G\",\"5G\"]},{\"frequencyMHz\":900,\"maxEirpDbm\":64.0,\"technology\":[\"4G\",\"5G\"]}]"},"geometry":{"type":"Point","coordinates":[-9.557665,53.502934]}},{"type":"Feature","id":"0-123","properties":{"network":"Eir","networkIndex":0,"technologies":["4G","5G"],"frequenciesMHz":[700,800,900],"bandsJson":"[{\"frequencyMHz\":700,\"maxEirpDbm\":64.0,\"technology\":[\"4G\",\"5G\"]},{\"frequencyMHz\":800,\"maxEirpDbm\":59.0,\"technology\":[\"4G\",\"5G\"]},{\"frequencyMHz\":900,\"maxEirpDbm\":64.0,\"technology\":[\"4G\",\"5G\"]}]"},"geometry":{"type":"Point","coordinates":[-9.557506,51.788275]}},{"type":"Feature","id":"0-124","properties":{"network":"Eir","networkIndex":0,"technologies":["4G","5G"],"frequenciesMHz":[700,800,900,1800,2100],"bandsJson":"[{\"frequencyMHz\":700,\"maxEirpDbm\":64.0,\"technology\":[\"4G\",\"5G\"]},{\"frequencyMHz\":800,\"maxEirpDbm\":59.0,\"technology\":[\"4G\",\"5G\"]},{\"frequencyMHz\":900,\"maxEirpDbm\":64.0,\"technology\":[\"4G\",\"5G\"]},{\"frequencyMHz\":1800,\"maxEirpDbm\":64.0,\"technology\":[\"4G\",\"5G\"]},{\"frequencyMHz\":2100,\"maxEirpDbm\":64.0,\"technology\":[\"4G\",\"5G\"]}]"},"geometry":{"type":"Point","coordinates":[-9.556451,52.077494]}},{"type":"Feature","id":"0-125","properties":{"network":"Eir","networkIndex":0,"technologies":["4G","5G"],"frequenciesMHz":[700,800,900,1800,2100],"bandsJson":"[{\"frequencyMHz\":700,\"maxEirpDbm\":64.0,\"technology\":[\"4G\",\"5G\"]},{\"frequencyMHz\":800,\"maxEirpDbm\":59.0,\"technology\":[\"4G\",\"5G\"]},{\"frequencyMHz\":900,\"maxEirpDbm\":64.0,\"technology\":[\"4G\",\"5G\"]},{\"frequencyMHz\":1800,\"maxEirpDbm\":64.0,\"technology\":[\"4G\",\"5G\"]},{\"frequencyMHz\":2100,\"maxEirpDbm\":64.0,\"technology\":[\"4G\",\"5G\"]}]"},"geometry":{"type":"Point","coordinates":[-9.555383,53.290816]}},{"type":"Feature","id":"0-126","properties":{"network":"Eir","networkIndex":0,"technologies":["4G","5G"],"frequenciesMHz":[700,800,900],"bandsJson":"[{\"frequencyMHz\":700,\"maxEirpDbm\":64.0,\"technology\":[\"4G\",\"5G\"]},{\"frequencyMHz\":800,\"maxEirpDbm\":59.0,\"technology\":[\"4G\",\"5G\"]},{\"frequencyMHz\":900,\"maxEirpDbm\":64.0,\"technology\":[\"4G\",\"5G\"]}]"},"geometry":{"type":"Point","coordinates":[-9.55373,53.827829]}},{"type":"Feature","id":"0-127","properties":{"network":"Eir","networkIndex":0,"technologies":["4G","5G"],"frequenciesMHz":[700,800,900,1800,2100],"bandsJson":"[{\"frequencyMHz\":700,\"maxEirpDbm\":64.0,\"technology\":[\"4G\",\"5G\"]},{\"frequencyMHz\":800,\"maxEirpDbm\":59.0,\"technology\":[\"4G\",\"5G\"]},{\"frequencyMHz\":900,\"maxEirpDbm\":64.0,\"technology\":[\"4G\",\"5G\"]},{\"frequencyMHz\":1800,\"maxEirpDbm\":64.0,\"technology\":[\"4G\",\"5G\"]},{\"frequencyMHz\":2100,\"maxEirpDbm\":64.0,\"technology\":[\"4G\",\"5G\"]}]"},"geometry":{"type":"Point","coordinates":[-9.549619,53.79956]}},{"type":"Feature","id":"0-128","properties":{"network":"Eir","networkIndex":0,"technologies":["4G","5G"],"frequenciesMHz":[700,800,900],"bandsJson":"[{\"frequencyMHz\":700,\"maxEirpDbm\":64.0,\"technology\":[\"4G\",\"5G\"]},{\"frequencyMHz\":800,\"maxEirpDbm\":59.0,\"technology\":[\"4G\",\"5G\"]},{\"frequencyMHz\":900,\"maxEirpDbm\":64.0,\"technology\":[\"4G\",\"5G\"]}]"},"geometry":{"type":"Point","coordinates":[-9.549532,51.753066]}},{"type":"Feature","id":"0-129","properties":{"network":"Eir","networkIndex":0,"technologies":["4G","5G"],"frequenciesMHz":[800,900,1800,2100],"bandsJson":"[{\"frequencyMHz\":800,\"maxEirpDbm\":59.0,\"technology\":[\"4G\",\"5G\"]},{\"frequencyMHz\":900,\"maxEirpDbm\":64.0,\"technology\":[\"4G\",\"5G\"]},{\"frequencyMHz\":1800,\"maxEirpDbm\":64.0,\"technology\":[\"4G\",\"5G\"]},{\"frequencyMHz\":2100,\"maxEirpDbm\":64.0,\"technology\":[\"4G\",\"5G\"]}]"},"geometry":{"type":"Point","coordinates":[-9.543916,53.88228]}},{"type":"Feature","id":"0-130","properties":{"network":"Eir","networkIndex":0,"technologies":["4G","5G"],"frequenciesMHz":[700,800,900],"bandsJson":"[{\"frequencyMHz\":700,\"maxEirpDbm\":64.0,\"technology\":[\"4G\",\"5G\"]},{\"frequencyMHz\":800,\"maxEirpDbm\":59.0,\"technology\":[\"4G\",\"5G\"]},{\"frequencyMHz\":900,\"maxEirpDbm\":64.0,\"technology\":[\"4G\",\"5G\"]}]"},"geometry":{"type":"Point","coordinates":[-9.541184,51.528719]}},{"type":"Feature","id":"0-131","properties":{"network":"Eir","networkIndex":0,"technologies":["4G","5G"],"frequenciesMHz":[700,800,900],"bandsJson":"[{\"frequencyMHz\":700,\"maxEirpDbm\":64.0,\"technology\":[\"4G\",\"5G\"]},{\"frequencyMHz\":800,\"maxEirpDbm\":59.0,\"technology\":[\"4G\",\"5G\"]},{\"frequencyMHz\":900,\"maxEirpDbm\":64.0,\"technology\":[\"4G\",\"5G\"]}]"},"geometry":{"type":"Point","coordinates":[-9.540884,51.821076]}},{"type":"Feature","id":"0-132","properties":{"network":"Eir","networkIndex":0,"technologies":["4G","5G"],"frequenciesMHz":[700,800,900,1800,2100],"bandsJson":"[{\"frequencyMHz\":700,\"maxEirpDbm\":64.0,\"technology\":[\"4G\",\"5G\"]},{\"frequencyMHz\":800,\"maxEirpDbm\":59.0,\"technology\":[\"4G\",\"5G\"]},{\"frequencyMHz\":900,\"maxEirpDbm\":64.0,\"technology\":[\"4G\",\"5G\"]},{\"frequencyMHz\":1800,\"maxEirpDbm\":64.0,\"technology\":[\"4G\",\"5G\"]},{\"frequencyMHz\":2100,\"maxEirpDbm\":64.0,\"technology\":[\"4G\",\"5G\"]}]"},"geometry":{"type":"Point","coordinates":[-9.54071,51.558647]}},{"type":"Feature","id":"0-133","properties":{"network":"Eir","networkIndex":0,"technologies":["4G","5G"],"frequenciesMHz":[700,800,900,1800,2100],"bandsJson":"[{\"frequencyMHz\":700,\"maxEirpDbm\":64.0,\"technology\":[\"4G\",\"5G\"]},{\"frequencyMHz\":800,\"maxEirpDbm\":59.0,\"technology\":[\"4G\",\"5G\"]},{\"frequencyMHz\":900,\"maxEirpDbm\":64.0,\"technology\":[\"4G\",\"5G\"]},{\"frequencyMHz\":1800,\"maxEirpDbm\":64.0,\"technology\":[\"4G\",\"5G\"]},{\"frequencyMHz\":2100,\"maxEirpDbm\":64.0,\"technology\":[\"4G\",\"5G\"]}]"},"geometry":{"type":"Point","coordinates":[-9.537604,52.269131]}},{"type":"Feature","id":"0-134","properties":{"network":"Eir","networkIndex":0,"technologies":["4G","5G"],"frequenciesMHz":[700,800,900,1800,2100],"bandsJson":"[{\"frequencyMHz\":700,\"maxEirpDbm\":64.0,\"technology\":[\"4G\",\"5G\"]},{\"frequencyMHz\":800,\"maxEirpDbm\":59.0,\"technology\":[\"4G\",\"5G\"]},{\"frequencyMHz\":900,\"maxEirpDbm\":64.0,\"technology\":[\"4G\",\"5G\"]},{\"frequencyMHz\":1800,\"maxEirpDbm\":64.0,\"technology\":[\"4G\",\"5G\"]},{\"frequencyMHz\":2100,\"maxEirpDbm\":64.0,\"technology\":[\"4G\",\"5G\"]}]"},"geometry":{"type":"Point","coordinates":[-9.535227,51.760435]}},{"type":"Feature","id":"0-135","properties":{"network":"Eir","networkIndex":0,"technologies":["4G","5G"],"frequenciesMHz":[700,800,900,1800,2100,2300],"bandsJson":"[{\"frequencyMHz\":700,\"maxEirpDbm\":64.0,\"technology\":[\"4G\",\"5G\"]},{\"frequencyMHz\":800,\"maxEirpDbm\":59.0,\"technology\":[\"4G\",\"5G\"]},{\"frequencyMHz\":900,\"maxEirpDbm\":64.0,\"technology\":[\"4G\",\"5G\"]},{\"frequencyMHz\":1800,\"maxEirpDbm\":64.0,\"technology\":[\"4G\",\"5G\"]},{\"frequencyMHz\":2100,\"maxEirpDbm\":64.0,\"technology\":[\"4G\",\"5G\"]},{\"frequencyMHz\":2300,\"maxEirpDbm\":68.0,\"technology\":[\"4G\",\"5G\"]}]"},"geometry":{"type":"Point","coordinates":[-9.533554,53.779415]}},{"type":"Feature","id":"0-136","properties":{"network":"Eir","networkIndex":0,"technologies":["4G","5G"],"frequenciesMHz":[700,800,900],"bandsJson":"[{\"frequencyMHz\":700,\"maxEirpDbm\":64.0,\"technology\":[\"4G\",\"5G\"]},{\"frequencyMHz\":800,\"maxEirpDbm\":59.0,\"technology\":[\"4G\",\"5G\"]},{\"frequencyMHz\":900,\"maxEirpDbm\":64.0,\"technology\":[\"4G\",\"5G\"]}]"},"geometry":{"type":"Point","coordinates":[-9.533141,52.120059]}},{"type":"Feature","id":"0-137","properties":{"network":"Eir","networkIndex":0,"technologies":["4G","5G"],"frequenciesMHz":[700,800,900],"bandsJson":"[{\"frequencyMHz\":700,\"maxEirpDbm\":64.0,\"technology\":[\"4G\",\"5G\"]},{\"frequencyMHz\":800,\"maxEirpDbm\":59.0,\"technology\":[\"4G\",\"5G\"]},{\"frequencyMHz\":900,\"maxEirpDbm\":64.0,\"technology\":[\"4G\",\"5G\"]}]"},"geometry":{"type":"Point","coordinates":[-9.52881,54.283378]}},{"type":"Feature","id":"0-138","properties":{"network":"Eir","networkIndex":0,"technologies":["4G","5G"],"frequenciesMHz":[700,800,900,1800,2100,3600],"bandsJson":"[{\"frequencyMHz\":700,\"maxEirpDbm\":64.0,\"technology\":[\"4G\",\"5G\"]},{\"frequencyMHz\":800,\"maxEirpDbm\":59.0,\"technology\":[\"4G\",\"5G\"]},{\"frequencyMHz\":900,\"maxEirpDbm\":64.0,\"technology\":[\"4G\",\"5G\"]},{\"frequencyMHz\":1800,\"maxEirpDbm\":64.0,\"technology\":[\"4G\",\"5G\"]},{\"frequencyMHz\":2100,\"maxEirpDbm\":64.0,\"technology\":[\"4G\",\"5G\"]},{\"frequencyMHz\":3600,\"maxEirpDbm\":64.0,\"technology\":[\"4G\",\"5G\"]}]"},"geometry":{"type":"Point","coordinates":[-9.519642,53.800402]}},{"type":"Feature","id":"0-139","properties":{"network":"Eir","networkIndex":0,"technologies":["4G","5G"],"frequenciesMHz":[700,800,900,1800,2100],"bandsJson":"[{\"frequencyMHz\":700,\"maxEirpDbm\":64.0,\"technology\":[\"4G\",\"5G\"]},{\"frequencyMHz\":800,\"maxEirpDbm\":59.0,\"technology\":[\"4G\",\"5G\"]},{\"frequencyMHz\":900,\"maxEirpDbm\":64.0,\"technology\":[\"4G\",\"5G\"]},{\"frequencyMHz\":1800,\"maxEirpDbm\":64.0,\"technology\":[\"4G\",\"5G\"]},{\"frequencyMHz\":2100,\"maxEirpDbm\":64.0,\"technology\":[\"4G\",\"5G\"]}]"},"geometry":{"type":"Point","coordinates":[-9.519482,52.739813]}},{"type":"Feature","id":"0-140","properties":{"network":"Eir","networkIndex":0,"technologies":["4G","5G"],"frequenciesMHz":[700,800,900,1800,2100,2300],"bandsJson":"[{\"frequencyMHz\":700,\"maxEirpDbm\":64.0,\"technology\":[\"4G\",\"5G\"]},{\"frequencyMHz\":800,\"maxEirpDbm\":59.0,\"technology\":[\"4G\",\"5G\"]},{\"frequencyMHz\":900,\"maxEirpDbm\":64.0,\"technology\":[\"4G\",\"5G\"]},{\"frequencyMHz\":1800,\"maxEirpDbm\":64.0,\"technology\":[\"4G\",\"5G\"]},{\"frequencyMHz\":2100,\"maxEirpDbm\":64.0,\"technology\":[\"4G\",\"5G\"]},{\"frequencyMHz\":2300,\"maxEirpDbm\":68.0,\"technology\":[\"4G\",\"5G\"]}]"},"geometry":{"type":"Point","coordinates":[-9.519477,53.795813]}},{"type":"Feature","id":"0-141","properties":{"network":"Eir","networkIndex":0,"technologies":["4G","5G"],"frequenciesMHz":[700,800,900],"bandsJson":"[{\"frequencyMHz\":700,\"maxEirpDbm\":64.0,\"technology\":[\"4G\",\"5G\"]},{\"frequencyMHz\":800,\"maxEirpDbm\":59.0,\"technology\":[\"4G\",\"5G\"]},{\"frequencyMHz\":900,\"maxEirpDbm\":64.0,\"technology\":[\"4G\",\"5G\"]}]"},"geometry":{"type":"Point","coordinates":[-9.517627,52.331439]}},{"type":"Feature","id":"0-142","properties":{"network":"Eir","networkIndex":0,"technologies":["4G","5G"],"frequenciesMHz":[700,800,900,1800,2100,2300],"bandsJson":"[{\"frequencyMHz\":700,\"maxEirpDbm\":64.0,\"technology\":[\"4G\",\"5G\"]},{\"frequencyMHz\":800,\"maxEirpDbm\":59.0,\"technology\":[\"4G\",\"5G\"]},{\"frequencyMHz\":900,\"maxEirpDbm\":64.0,\"technology\":[\"4G\",\"5G\"]},{\"frequencyMHz\":1800,\"maxEirpDbm\":64.0,\"technology\":[\"4G\",\"5G\"]},{\"frequencyMHz\":2100,\"maxEirpDbm\":64.0,\"technology\":[\"4G\",\"5G\"]},{\"frequencyMHz\":2300,\"maxEirpDbm\":68.0,\"technology\":[\"4G\",\"5G\"]}]"},"geometry":{"type":"Point","coordinates":[-9.517447,53.809801]}},{"type":"Feature","id":"0-143","properties":{"network":"Eir","networkIndex":0,"technologies":["4G","5G"],"frequenciesMHz":[700,800,900,1800,2100,2300,3600],"bandsJson":"[{\"frequencyMHz\":700,\"maxEirpDbm\":64.0,\"technology\":[\"4G\",\"5G\"]},{\"frequencyMHz\":800,\"maxEirpDbm\":59.0,\"technology\":[\"4G\",\"5G\"]},{\"frequencyMHz\":900,\"maxEirpDbm\":64.0,\"technology\":[\"4G\",\"5G\"]},{\"frequencyMHz\":1800,\"maxEirpDbm\":64.0,\"technology\":[\"4G\",\"5G\"]},{\"frequencyMHz\":2100,\"maxEirpDbm\":64.0,\"technology\":[\"4G\",\"5G\"]},{\"frequencyMHz\":2300,\"maxEirpDbm\":68.0,\"technology\":[\"4G\",\"5G\"]},{\"frequencyMHz\":3600,\"maxEirpDbm\":64.0,\"technology\":[\"4G\",\"5G\"]}]"},"geometry":{"type":"Point","coordinates":[-9.517045,52.06866]}},{"type":"Feature","id":"0-144","properties":{"network":"Eir","networkIndex":0,"technologies":["4G","5G"],"frequenciesMHz":[700,800,900,1800,2100,3600],"bandsJson":"[{\"frequencyMHz\":700,\"maxEirpDbm\":64.0,\"technology\":[\"4G\",\"5G\"]},{\"frequencyMHz\":800,\"maxEirpDbm\":59.0,\"technology\":[\"4G\",\"5G\"]},{\"frequencyMHz\":900,\"maxEirpDbm\":64.0,\"technology\":[\"4G\",\"5G\"]},{\"frequencyMHz\":1800,\"maxEirpDbm\":64.0,\"technology\":[\"4G\",\"5G\"]},{\"frequencyMHz\":2100,\"maxEirpDbm\":64.0,\"technology\":[\"4G\",\"5G\"]},{\"frequencyMHz\":3600,\"maxEirpDbm\":64.0,\"technology\":[\"4G\",\"5G\"]}]"},"geometry":{"type":"Point","coordinates":[-9.509735,52.058625]}},{"type":"Feature","id":"0-145","properties":{"network":"Eir","networkIndex":0,"technologies":["4G","5G"],"frequenciesMHz":[700,800,900,1800,2100,3600],"bandsJson":"[{\"frequencyMHz\":700,\"maxEirpDbm\":64.0,\"technology\":[\"4G\",\"5G\"]},{\"frequencyMHz\":800,\"maxEirpDbm\":59.0,\"technology\":[\"4G\",\"5G\"]},{\"frequencyMHz\":900,\"maxEirpDbm\":64.0,\"technology\":[\"4G\",\"5G\"]},{\"frequencyMHz\":1800,\"maxEirpDbm\":64.0,\"technology\":[\"4G\",\"5G\"]},{\"frequencyMHz\":2100,\"maxEirpDbm\":64.0,\"technology\":[\"4G\",\"5G\"]},{\"frequencyMHz\":3600,\"maxEirpDbm\":64.0,\"technology\":[\"4G\",\"5G\"]}]"},"geometry":{"type":"Point","coordinates":[-9.506399,52.053931]}},{"type":"Feature","id":"0-146","properties":{"network":"Eir","networkIndex":0,"technologies":["4G","5G"],"frequenciesMHz":[700,800,900,1800,2100,2300],"bandsJson":"[{\"frequencyMHz\":700,\"maxEirpDbm\":64.0,\"technology\":[\"4G\",\"5G\"]},{\"frequencyMHz\":800,\"maxEirpDbm\":59.0,\"technology\":[\"4G\",\"5G\"]},{\"frequencyMHz\":900,\"maxEirpDbm\":64.0,\"technology\":[\"4G\",\"5G\"]},{\"frequencyMHz\":1800,\"maxEirpDbm\":64.0,\"technology\":[\"4G\",\"5G\"]},{\"frequencyMHz\":2100,\"maxEirpDbm\":64.0,\"technology\":[\"4G\",\"5G\"]},{\"frequencyMHz\":2300,\"maxEirpDbm\":68.0,\"technology\":[\"4G\",\"5G\"]}]"},"geometry":{"type":"Point","coordinates":[-9.506015,52.059868]}},{"type":"Feature","id":"0-147","properties":{"network":"Eir","networkIndex":0,"technologies":["4G","5G"],"frequenciesMHz":[700,800,900,1800,2100],"bandsJson":"[{\"frequencyMHz\":700,\"maxEirpDbm\":64.0,\"technology\":[\"4G\",\"5G\"]},{\"frequencyMHz\":800,\"maxEirpDbm\":59.0,\"technology\":[\"4G\",\"5G\"]},{\"frequencyMHz\":900,\"maxEirpDbm\":64.0,\"technology\":[\"4G\",\"5G\"]},{\"frequencyMHz\":1800,\"maxEirpDbm\":64.0,\"technology\":[\"4G\",\"5G\"]},{\"frequencyMHz\":2100,\"maxEirpDbm\":64.0,\"technology\":[\"4G\",\"5G\"]}]"},"geometry":{"type":"Point","coordinates":[-9.504427,52.046011]}},{"type":"Feature","id":"0-148","properties":{"network":"Eir","networkIndex":0,"technologies":["4G","5G"],"frequenciesMHz":[700,800,900,1800,2100],"bandsJson":"[{\"frequencyMHz\":700,\"maxEirpDbm\":64.0,\"technology\":[\"4G\",\"5G\"]},{\"frequencyMHz\":800,\"maxEirpDbm\":59.0,\"technology\":[\"4G\",\"5G\"]},{\"frequencyMHz\":900,\"maxEirpDbm\":64.0,\"technology\":[\"4G\",\"5G\"]},{\"frequencyMHz\":1800,\"maxEirpDbm\":64.0,\"technology\":[\"4G\",\"5G\"]},{\"frequencyMHz\":2100,\"maxEirpDbm\":64.0,\"technology\":[\"4G\",\"5G\"]}]"},"geometry":{"type":"Point","coordinates":[-9.502915,52.06654]}},{"type":"Feature","id":"0-149","properties":{"network":"Eir","networkIndex":0,"technologies":["4G","5G"],"frequenciesMHz":[700,800,900],"bandsJson":"[{\"frequencyMHz\":700,\"maxEirpDbm\":64.0,\"technology\":[\"4G\",\"5G\"]},{\"frequencyMHz\":800,\"maxEirpDbm\":59.0,\"technology\":[\"4G\",\"5G\"]},{\"frequencyMHz\":900,\"maxEirpDbm\":64.0,\"technology\":[\"4G\",\"5G\"]}]"},"geometry":{"type":"Point","coordinates":[-9.50065,51.861179]}},{"type":"Feature","id":"0-150","properties":{"network":"Eir","networkIndex":0,"technologies":["4G","5G"],"frequenciesMHz":[700,800,900,1800,2100],"bandsJson":"[{\"frequencyMHz\":700,\"maxEirpDbm\":64.0,\"technology\":[\"4G\",\"5G\"]},{\"frequencyMHz\":800,\"maxEirpDbm\":59.0,\"technology\":[\"4G\",\"5G\"]},{\"frequencyMHz\":900,\"maxEirpDbm\":64.0,\"technology\":[\"4G\",\"5G\"]},{\"frequencyMHz\":1800,\"maxEirpDbm\":64.0,\"technology\":[\"4G\",\"5G\"]},{\"frequencyMHz\":2100,\"maxEirpDbm\":64.0,\"technology\":[\"4G\",\"5G\"]}]"},"geometry":{"type":"Point","coordinates":[-9.495373,53.236904]}},{"type":"Feature","id":"0-151","properties":{"network":"Eir","networkIndex":0,"technologies":["4G","5G"],"frequenciesMHz":[700,800,900,1800,2100],"bandsJson":"[{\"frequencyMHz\":700,\"maxEirpDbm\":64.0,\"technology\":[\"4G\",\"5G\"]},{\"frequencyMHz\":800,\"maxEirpDbm\":59.0,\"technology\":[\"4G\",\"5G\"]},{\"frequencyMHz\":900,\"maxEirpDbm\":64.0,\"technology\":[\"4G\",\"5G\"]},{\"frequencyMHz\":1800,\"maxEirpDbm\":64.0,\"technology\":[\"4G\",\"5G\"]},{\"frequencyMHz\":2100,\"maxEirpDbm\":64.0,\"technology\":[\"4G\",\"5G\"]}]"},"geometry":{"type":"Point","coordinates":[-9.491489,52.447509]}},{"type":"Feature","id":"0-152","properties":{"network":"Eir","networkIndex":0,"technologies":["4G","5G"],"frequenciesMHz":[700,800,900],"bandsJson":"[{\"frequencyMHz\":700,\"maxEirpDbm\":64.0,\"technology\":[\"4G\",\"5G\"]},{\"frequencyMHz\":800,\"maxEirpDbm\":59.0,\"technology\":[\"4G\",\"5G\"]},{\"frequencyMHz\":900,\"maxEirpDbm\":64.0,\"technology\":[\"4G\",\"5G\"]}]"},"geometry":{"type":"Point","coordinates":[-9.489439,52.025296]}},{"type":"Feature","id":"0-153","properties":{"network":"Eir","networkIndex":0,"technologies":["4G","5G"],"frequenciesMHz":[700,800,900,1800,2100,2300,3600],"bandsJson":"[{\"frequencyMHz\":700,\"maxEirpDbm\":64.0,\"technology\":[\"4G\",\"5G\"]},{\"frequencyMHz\":800,\"maxEirpDbm\":59.0,\"technology\":[\"4G\",\"5G\"]},{\"frequencyMHz\":900,\"maxEirpDbm\":64.0,\"technology\":[\"4G\",\"5G\"]},{\"frequencyMHz\":1800,\"maxEirpDbm\":64.0,\"technology\":[\"4G\",\"5G\"]},{\"frequencyMHz\":2100,\"maxEirpDbm\":64.0,\"technology\":[\"4G\",\"5G\"]},{\"frequencyMHz\":2300,\"maxEirpDbm\":68.0,\"technology\":[\"4G\",\"5G\"]},{\"frequencyMHz\":3600,\"maxEirpDbm\":64.0,\"technology\":[\"4G\",\"5G\"]}]"},"geometry":{"type":"Point","coordinates":[-9.487356,52.64071]}},{"type":"Feature","id":"0-154","properties":{"network":"Eir","networkIndex":0,"technologies":["4G","5G"],"frequenciesMHz":[700,800,900,1800,2100,2300],"bandsJson":"[{\"frequencyMHz\":700,\"maxEirpDbm\":64.0,\"technology\":[\"4G\",\"5G\"]},{\"frequencyMHz\":800,\"maxEirpDbm\":59.0,\"technology\":[\"4G\",\"5G\"]},{\"frequencyMHz\":900,\"maxEirpDbm\":64.0,\"technology\":[\"4G\",\"5G\"]},{\"frequencyMHz\":1800,\"maxEirpDbm\":64.0,\"technology\":[\"4G\",\"5G\"]},{\"frequencyMHz\":2100,\"maxEirpDbm\":64.0,\"technology\":[\"4G\",\"5G\"]},{\"frequencyMHz\":2300,\"maxEirpDbm\":68.0,\"technology\":[\"4G\",\"5G\"]}]"},"geometry":{"type":"Point","coordinates":[-9.48398,52.062385]}},{"type":"Feature","id":"0-155","properties":{"network":"Eir","networkIndex":0,"technologies":["4G","5G"],"frequenciesMHz":[700,800,900],"bandsJson":"[{\"frequencyMHz\":700,\"maxEirpDbm\":64.0,\"technology\":[\"4G\",\"5G\"]},{\"frequencyMHz\":800,\"maxEirpDbm\":59.0,\"technology\":[\"4G\",\"5G\"]},{\"frequencyMHz\":900,\"maxEirpDbm\":64.0,\"technology\":[\"4G\",\"5G\"]}]"},"geometry":{"type":"Point","coordinates":[-9.481903,52.27866]}},{"type":"Feature","id":"0-156","properties":{"network":"Eir","networkIndex":0,"technologies":["4G","5G"],"frequenciesMHz":[700,800,900,1800,2100],"bandsJson":"[{\"frequencyMHz\":700,\"maxEirpDbm\":64.0,\"technology\":[\"4G\",\"5G\"]},{\"frequencyMHz\":800,\"maxEirpDbm\":59.0,\"technology\":[\"4G\",\"5G\"]},{\"frequencyMHz\":900,\"maxEirpDbm\":64.0,\"technology\":[\"4G\",\"5G\"]},{\"frequencyMHz\":1800,\"maxEirpDbm\":64.0,\"technology\":[\"4G\",\"5G\"]},{\"frequencyMHz\":2100,\"maxEirpDbm\":64.0,\"technology\":[\"4G\",\"5G\"]}]"},"geometry":{"type":"Point","coordinates":[-9.478064,52.447606]}},{"type":"Feature","id":"0-157","properties":{"network":"Eir","networkIndex":0,"technologies":["4G","5G"],"frequenciesMHz":[700,800,900,1800,2100],"bandsJson":"[{\"frequencyMHz\":700,\"maxEirpDbm\":64.0,\"technology\":[\"4G\",\"5G\"]},{\"frequencyMHz\":800,\"maxEirpDbm\":59.0,\"technology\":[\"4G\",\"5G\"]},{\"frequencyMHz\":900,\"maxEirpDbm\":64.0,\"technology\":[\"4G\",\"5G\"]},{\"frequencyMHz\":1800,\"maxEirpDbm\":64.0,\"technology\":[\"4G\",\"5G\"]},{\"frequencyMHz\":2100,\"maxEirpDbm\":64.0,\"technology\":[\"4G\",\"5G\"]}]"},"geometry":{"type":"Point","coordinates":[-9.4772,53.298496]}},{"type":"Feature","id":"0-158","properties":{"network":"Eir","networkIndex":0,"technologies":["4G","5G"],"frequenciesMHz":[700,800,900],"bandsJson":"[{\"frequencyMHz\":700,\"maxEirpDbm\":64.0,\"technology\":[\"4G\",\"5G\"]},{\"frequencyMHz\":800,\"maxEirpDbm\":59.0,\"technology\":[\"4G\",\"5G\"]},{\"frequencyMHz\":900,\"maxEirpDbm\":64.0,\"technology\":[\"4G\",\"5G\"]}]"},"geometry":{"type":"Point","coordinates":[-9.477145,52.543185]}},{"type":"Feature","id":"0-159","properties":{"network":"Eir","networkIndex":0,"technologies":["4G","5G"],"frequenciesMHz":[700,800,900,1800,2100],"bandsJson":"[{\"frequencyMHz\":700,\"maxEirpDbm\":64.0,\"technology\":[\"4G\",\"5G\"]},{\"frequencyMHz\":800,\"maxEirpDbm\":59.0,\"technology\":[\"4G\",\"5G\"]},{\"frequencyMHz\":900,\"maxEirpDbm\":64.0,\"technology\":[\"4G\",\"5G\"]},{\"frequencyMHz\":1800,\"maxEirpDbm\":64.0,\"technology\":[\"4G\",\"5G\"]},{\"frequencyMHz\":2100,\"maxEirpDbm\":64.0,\"technology\":[\"4G\",\"5G\"]}]"},"geometry":{"type":"Point","coordinates":[-9.465848,52.075554]}},{"type":"Feature","id":"0-160","properties":{"network":"Eir","networkIndex":0,"technologies":["4G","5G"],"frequenciesMHz":[700,800,900,1800,2100],"bandsJson":"[{\"frequencyMHz\":700,\"maxEirpDbm\":64.0,\"technology\":[\"4G\",\"5G\"]},{\"frequencyMHz\":800,\"maxEirpDbm\":59.0,\"technology\":[\"4G\",\"5G\"]},{\"frequencyMHz\":900,\"maxEirpDbm\":64.0,\"technology\":[\"4G\",\"5G\"]},{\"frequencyMHz\":1800,\"maxEirpDbm\":64.0,\"technology\":[\"4G\",\"5G\"]},{\"frequencyMHz\":2100,\"maxEirpDbm\":64.0,\"technology\":[\"4G\",\"5G\"]}]"},"geometry":{"type":"Point","coordinates":[-9.464872,52.460522]}},{"type":"Feature","id":"0-161","properties":{"network":"Eir","networkIndex":0,"technologies":["4G","5G"],"frequenciesMHz":[700,800,900,1800,2100],"bandsJson":"[{\"frequencyMHz\":700,\"maxEirpDbm\":64.0,\"technology\":[\"4G\",\"5G\"]},{\"frequencyMHz\":800,\"maxEirpDbm\":59.0,\"technology\":[\"4G\",\"5G\"]},{\"frequencyMHz\":900,\"maxEirpDbm\":64.0,\"technology\":[\"4G\",\"5G\"]},{\"frequencyMHz\":1800,\"maxEirpDbm\":64.0,\"technology\":[\"4G\",\"5G\"]},{\"frequencyMHz\":2100,\"maxEirpDbm\":64.0,\"technology\":[\"4G\",\"5G\"]}]"},"geometry":{"type":"Point","coordinates":[-9.459842,52.232902]}},{"type":"Feature","id":"0-162","properties":{"network":"Eir","networkIndex":0,"technologies":["4G","5G"],"frequenciesMHz":[700,800,900,1800,2100],"bandsJson":"[{\"frequencyMHz\":700,\"maxEirpDbm\":64.0,\"technology\":[\"4G\",\"5G\"]},{\"frequencyMHz\":800,\"maxEirpDbm\":59.0,\"technology\":[\"4G\",\"5G\"]},{\"frequencyMHz\":900,\"maxEirpDbm\":64.0,\"technology\":[\"4G\",\"5G\"]},{\"frequencyMHz\":1800,\"maxEirpDbm\":64.0,\"technology\":[\"4G\",\"5G\"]},{\"frequencyMHz\":2100,\"maxEirpDbm\":64.0,\"technology\":[\"4G\",\"5G\"]}]"},"geometry":{"type":"Point","coordinates":[-9.448214,51.679567]}},{"type":"Feature","id":"0-163","properties":{"network":"Eir","networkIndex":0,"technologies":["4G","5G"],"frequenciesMHz":[700,800,900],"bandsJson":"[{\"frequencyMHz\":700,\"maxEirpDbm\":64.0,\"technology\":[\"4G\",\"5G\"]},{\"frequencyMHz\":800,\"maxEirpDbm\":59.0,\"technology\":[\"4G\",\"5G\"]},{\"frequencyMHz\":900,\"maxEirpDbm\":64.0,\"technology\":[\"4G\",\"5G\"]}]"},"geometry":{"type":"Point","coordinates":[-9.447138,53.521746]}},{"type":"Feature","id":"0-164","properties":{"network":"Eir","networkIndex":0,"technologies":["4G","5G"],"frequenciesMHz":[700,800,900,1800,2100,2300],"bandsJson":"[{\"frequencyMHz\":700,\"maxEirpDbm\":64.0,\"technology\":[\"4G\",\"5G\"]},{\"frequencyMHz\":800,\"maxEirpDbm\":59.0,\"technology\":[\"4G\",\"5G\"]},{\"frequencyMHz\":900,\"maxEirpDbm\":64.0,\"technology\":[\"4G\",\"5G\"]},{\"frequencyMHz\":1800,\"maxEirpDbm\":64.0,\"technology\":[\"4G\",\"5G\"]},{\"frequencyMHz\":2100,\"maxEirpDbm\":64.0,\"technology\":[\"4G\",\"5G\"]},{\"frequencyMHz\":2300,\"maxEirpDbm\":68.0,\"technology\":[\"4G\",\"5G\"]}]"},"geometry":{"type":"Point","coordinates":[-9.44218,51.666231]}},{"type":"Feature","id":"0-165","properties":{"network":"Eir","networkIndex":0,"technologies":["4G","5G"],"frequenciesMHz":[700,800,900],"bandsJson":"[{\"frequencyMHz\":700,\"maxEirpDbm\":64.0,\"technology\":[\"4G\",\"5G\"]},{\"frequencyMHz\":800,\"maxEirpDbm\":59.0,\"technology\":[\"4G\",\"5G\"]},{\"frequencyMHz\":900,\"maxEirpDbm\":64.0,\"technology\":[\"4G\",\"5G\"]}]"},"geometry":{"type":"Point","coordinates":[-9.440317,53.774991]}},{"type":"Feature","id":"0-166","properties":{"network":"Eir","networkIndex":0,"technologies":["4G","5G"],"frequenciesMHz":[700,800,900],"bandsJson":"[{\"frequencyMHz\":700,\"maxEirpDbm\":64.0,\"technology\":[\"4G\",\"5G\"]},{\"frequencyMHz\":800,\"maxEirpDbm\":59.0,\"technology\":[\"4G\",\"5G\"]},{\"frequencyMHz\":900,\"maxEirpDbm\":64.0,\"technology\":[\"4G\",\"5G\"]}]"},"geometry":{"type":"Point","coordinates":[-9.435896,51.897777]}},{"type":"Feature","id":"0-167","properties":{"network":"Eir","networkIndex":0,"technologies":["4G","5G"],"frequenciesMHz":[700,800,900],"bandsJson":"[{\"frequencyMHz\":700,\"maxEirpDbm\":64.0,\"technology\":[\"4G\",\"5G\"]},{\"frequencyMHz\":800,\"maxEirpDbm\":59.0,\"technology\":[\"4G\",\"5G\"]},{\"frequencyMHz\":900,\"maxEirpDbm\":64.0,\"technology\":[\"4G\",\"5G\"]}]"},"geometry":{"type":"Point","coordinates":[-9.43532,54.204475]}},{"type":"Feature","id":"0-168","properties":{"network":"Eir","networkIndex":0,"technologies":["4G","5G"],"frequenciesMHz":[700,800,900],"bandsJson":"[{\"frequencyMHz\":700,\"maxEirpDbm\":64.0,\"technology\":[\"4G\",\"5G\"]},{\"frequencyMHz\":800,\"maxEirpDbm\":59.0,\"technology\":[\"4G\",\"5G\"]},{\"frequencyMHz\":900,\"maxEirpDbm\":64.0,\"technology\":[\"4G\",\"5G\"]}]"},"geometry":{"type":"Point","coordinates":[-9.435084,51.620927]}},{"type":"Feature","id":"0-169","properties":{"network":"Eir","networkIndex":0,"technologies":["4G","5G"],"frequenciesMHz":[700,800,900,1800,2100],"bandsJson":"[{\"frequencyMHz\":700,\"maxEirpDbm\":64.0,\"technology\":[\"4G\",\"5G\"]},{\"frequencyMHz\":800,\"maxEirpDbm\":59.0,\"technology\":[\"4G\",\"5G\"]},{\"frequencyMHz\":900,\"maxEirpDbm\":64.0,\"technology\":[\"4G\",\"5G\"]},{\"frequencyMHz\":1800,\"maxEirpDbm\":64.0,\"technology\":[\"4G\",\"5G\"]},{\"frequencyMHz\":2100,\"maxEirpDbm\":64.0,\"technology\":[\"4G\",\"5G\"]}]"},"geometry":{"type":"Point","coordinates":[-9.429402,53.240679]}},{"type":"Feature","id":"0-170","properties":{"network":"Eir","networkIndex":0,"technologies":["4G","5G"],"frequenciesMHz":[700,800,900,1800,2100],"bandsJson":"[{\"frequencyMHz\":700,\"maxEirpDbm\":64.0,\"technology\":[\"4G\",\"5G\"]},{\"frequencyMHz\":800,\"maxEirpDbm\":59.0,\"technology\":[\"4G\",\"5G\"]},{\"frequencyMHz\":900,\"maxEirpDbm\":64.0,\"technology\":[\"4G\",\"5G\"]},{\"frequencyMHz\":1800,\"maxEirpDbm\":64.0,\"technology\":[\"4G\",\"5G\"]},{\"frequencyMHz\":2100,\"maxEirpDbm\":64.0,\"technology\":[\"4G\",\"5G\"]}]"},"geometry":{"type":"Point","coordinates":[-9.425829,52.814639]}},{"type":"Feature","id":"0-171","properties":{"network":"Eir","networkIndex":0,"technologies":["4G","5G"],"frequenciesMHz":[700,800,900,1800,2100],"bandsJson":"[{\"frequencyMHz\":700,\"maxEirpDbm\":64.0,\"technology\":[\"4G\",\"5G\"]},{\"frequencyMHz\":800,\"maxEirpDbm\":59.0,\"technology\":[\"4G\",\"5G\"]},{\"frequencyMHz\":900,\"maxEirpDbm\":64.0,\"technology\":[\"4G\",\"5G\"]},{\"frequencyMHz\":1800,\"maxEirpDbm\":64.0,\"technology\":[\"4G\",\"5G\"]},{\"frequencyMHz\":2100,\"maxEirpDbm\":64.0,\"technology\":[\"4G\",\"5G\"]}]"},"geometry":{"type":"Point","coordinates":[-9.421585,52.755891]}},{"type":"Feature","id":"0-172","properties":{"network":"Eir","networkIndex":0,"technologies":["4G","5G"],"frequenciesMHz":[700,800,900],"bandsJson":"[{\"frequencyMHz\":700,\"maxEirpDbm\":64.0,\"technology\":[\"4G\",\"5G\"]},{\"frequencyMHz\":800,\"maxEirpDbm\":59.0,\"technology\":[\"4G\",\"5G\"]},{\"frequencyMHz\":900,\"maxEirpDbm\":64.0,\"technology\":[\"4G\",\"5G\"]}]"},"geometry":{"type":"Point","coordinates":[-9.419327,53.440742]}},{"type":"Feature","id":"0-173","properties":{"network":"Eir","networkIndex":0,"technologies":["4G","5G"],"frequenciesMHz":[700,800,900],"bandsJson":"[{\"frequencyMHz\":700,\"maxEirpDbm\":64.0,\"technology\":[\"4G\",\"5G\"]},{\"frequencyMHz\":800,\"maxEirpDbm\":59.0,\"technology\":[\"4G\",\"5G\"]},{\"frequencyMHz\":900,\"maxEirpDbm\":64.0,\"technology\":[\"4G\",\"5G\"]}]"},"geometry":{"type":"Point","coordinates":[-9.418659,52.186265]}},{"type":"Feature","id":"0-174","properties":{"network":"Eir","networkIndex":0,"technologies":["4G","5G"],"frequenciesMHz":[700,800,900],"bandsJson":"[{\"frequencyMHz\":700,\"maxEirpDbm\":64.0,\"technology\":[\"4G\",\"5G\"]},{\"frequencyMHz\":800,\"maxEirpDbm\":59.0,\"technology\":[\"4G\",\"5G\"]},{\"frequencyMHz\":900,\"maxEirpDbm\":64.0,\"technology\":[\"4G\",\"5G\"]}]"},"geometry":{"type":"Point","coordinates":[-9.414996,52.412321]}},{"type":"Feature","id":"0-175","properties":{"network":"Eir","networkIndex":0,"technologies":["4G","5G"],"frequenciesMHz":[700,800,900,1800,2100],"bandsJson":"[{\"frequencyMHz\":700,\"maxEirpDbm\":64.0,\"technology\":[\"4G\",\"5G\"]},{\"frequencyMHz\":800,\"maxEirpDbm\":59.0,\"technology\":[\"4G\",\"5G\"]},{\"frequencyMHz\":900,\"maxEirpDbm\":64.0,\"technology\":[\"4G\",\"5G\"]},{\"frequencyMHz\":1800,\"maxEirpDbm\":64.0,\"technology\":[\"4G\",\"5G\"]},{\"frequencyMHz\":2100,\"maxEirpDbm\":64.0,\"technology\":[\"4G\",\"5G\"]}]"},"geometry":{"type":"Point","coordinates":[-9.400965,53.817211]}},{"type":"Feature","id":"0-176","properties":{"network":"Eir","networkIndex":0,"technologies":["4G","5G"],"frequenciesMHz":[700,800,900,1800,2100],"bandsJson":"[{\"frequencyMHz\":700,\"maxEirpDbm\":64.0,\"technology\":[\"4G\",\"5G\"]},{\"frequencyMHz\":800,\"maxEirpDbm\":59.0,\"technology\":[\"4G\",\"5G\"]},{\"frequencyMHz\":900,\"maxEirpDbm\":64.0,\"technology\":[\"4G\",\"5G\"]},{\"frequencyMHz\":1800,\"maxEirpDbm\":64.0,\"technology\":[\"4G\",\"5G\"]},{\"frequencyMHz\":2100,\"maxEirpDbm\":64.0,\"technology\":[\"4G\",\"5G\"]}]"},"geometry":{"type":"Point","coordinates":[-9.397148,52.855464]}},{"type":"Feature","id":"0-177","properties":{"network":"Eir","networkIndex":0,"technologies":["4G","5G"],"frequenciesMHz":[700,800,900,1800,2100],"bandsJson":"[{\"frequencyMHz\":700,\"maxEirpDbm\":64.0,\"technology\":[\"4G\",\"5G\"]},{\"frequencyMHz\":800,\"maxEirpDbm\":59.0,\"technology\":[\"4G\",\"5G\"]},{\"frequencyMHz\":900,\"maxEirpDbm\":64.0,\"technology\":[\"4G\",\"5G\"]},{\"frequencyMHz\":1800,\"maxEirpDbm\":64.0,\"technology\":[\"4G\",\"5G\"]},{\"frequencyMHz\":2100,\"maxEirpDbm\":64.0,\"technology\":[\"4G\",\"5G\"]}]"},"geometry":{"type":"Point","coordinates":[-9.392959,52.046384]}},{"type":"Feature","id":"0-178","properties":{"network":"Eir","networkIndex":0,"technologies":["4G","5G"],"frequenciesMHz":[700,800,900,1800,2100],"bandsJson":"[{\"frequencyMHz\":700,\"maxEirpDbm\":64.0,\"technology\":[\"4G\",\"5G\"]},{\"frequencyMHz\":800,\"maxEirpDbm\":59.0,\"technology\":[\"4G\",\"5G\"]},{\"frequencyMHz\":900,\"maxEirpDbm\":64.0,\"technology\":[\"4G\",\"5G\"]},{\"frequencyMHz\":1800,\"maxEirpDbm\":64.0,\"technology\":[\"4G\",\"5G\"]},{\"frequencyMHz\":2100,\"maxEirpDbm\":64.0,\"technology\":[\"4G\",\"5G\"]}]"},"geometry":{"type":"Point","coordinates":[-9.392423,52.940198]}},{"type":"Feature","id":"0-179","properties":{"network":"Eir","networkIndex":0,"technologies":["4G","5G"],"frequenciesMHz":[700,800,900],"bandsJson":"[{\"frequencyMHz\":700,\"maxEirpDbm\":64.0,\"technology\":[\"4G\",\"5G\"]},{\"frequencyMHz\":800,\"maxEirpDbm\":59.0,\"technology\":[\"4G\",\"5G\"]},{\"frequencyMHz\":900,\"maxEirpDbm\":64.0,\"technology\":[\"4G\",\"5G\"]}]"},"geometry":{"type":"Point","coordinates":[-9.39135,54.100832]}},{"type":"Feature","id":"0-180","properties":{"network":"Eir","networkIndex":0,"technologies":["4G","5G"],"frequenciesMHz":[700,800,900],"bandsJson":"[{\"frequencyMHz\":700,\"maxEirpDbm\":64.0,\"technology\":[\"4G\",\"5G\"]},{\"frequencyMHz\":800,\"maxEirpDbm\":59.0,\"technology\":[\"4G\",\"5G\"]},{\"frequencyMHz\":900,\"maxEirpDbm\":64.0,\"technology\":[\"4G\",\"5G\"]}]"},"geometry":{"type":"Point","coordinates":[-9.391343,52.655554]}},{"type":"Feature","id":"0-181","properties":{"network":"Eir","networkIndex":0,"technologies":["4G","5G"],"frequenciesMHz":[700,800,900,1800,2100],"bandsJson":"[{\"frequencyMHz\":700,\"maxEirpDbm\":64.0,\"technology\":[\"4G\",\"5G\"]},{\"frequencyMHz\":800,\"maxEirpDbm\":59.0,\"technology\":[\"4G\",\"5G\"]},{\"frequencyMHz\":900,\"maxEirpDbm\":64.0,\"technology\":[\"4G\",\"5G\"]},{\"frequencyMHz\":1800,\"maxEirpDbm\":64.0,\"technology\":[\"4G\",\"5G\"]},{\"frequencyMHz\":2100,\"maxEirpDbm\":64.0,\"technology\":[\"4G\",\"5G\"]}]"},"geometry":{"type":"Point","coordinates":[-9.388339,52.576532]}},{"type":"Feature","id":"0-182","properties":{"network":"Eir","networkIndex":0,"technologies":["4G","5G"],"frequenciesMHz":[700,800,900,1800,2100],"bandsJson":"[{\"frequencyMHz\":700,\"maxEirpDbm\":64.0,\"technology\":[\"4G\",\"5G\"]},{\"frequencyMHz\":800,\"maxEirpDbm\":59.0,\"technology\":[\"4G\",\"5G\"]},{\"frequencyMHz\":900,\"maxEirpDbm\":64.0,\"technology\":[\"4G\",\"5G\"]},{\"frequencyMHz\":1800,\"maxEirpDbm\":64.0,\"technology\":[\"4G\",\"5G\"]},{\"frequencyMHz\":2100,\"maxEirpDbm\":64.0,\"technology\":[\"4G\",\"5G\"]}]"},"geometry":{"type":"Point","coordinates":[-9.38428,53.011743]}},{"type":"Feature","id":"0-183","properties":{"network":"Eir","networkIndex":0,"technologies":["4G","5G"],"frequenciesMHz":[700,800,900],"bandsJson":"[{\"frequencyMHz\":700,\"maxEirpDbm\":64.0,\"technology\":[\"4G\",\"5G\"]},{\"frequencyMHz\":800,\"maxEirpDbm\":59.0,\"technology\":[\"4G\",\"5G\"]},{\"frequencyMHz\":900,\"maxEirpDbm\":64.0,\"technology\":[\"4G\",\"5G\"]}]"},"geometry":{"type":"Point","coordinates":[-9.383498,52.264585]}},{"type":"Feature","id":"0-184","properties":{"network":"Eir","networkIndex":0,"technologies":["4G","5G"],"frequenciesMHz":[700,800,900],"bandsJson":"[{\"frequencyMHz\":700,\"maxEirpDbm\":64.0,\"technology\":[\"4G\",\"5G\"]},{\"frequencyMHz\":800,\"maxEirpDbm\":59.0,\"technology\":[\"4G\",\"5G\"]},{\"frequencyMHz\":900,\"maxEirpDbm\":64.0,\"technology\":[\"4G\",\"5G\"]}]"},"geometry":{"type":"Point","coordinates":[-9.381989,51.906529]}},{"type":"Feature","id":"0-185","properties":{"network":"Eir","networkIndex":0,"technologies":["4G","5G"],"frequenciesMHz":[700,800,900],"bandsJson":"[{\"frequencyMHz\":700,\"maxEirpDbm\":64.0,\"technology\":[\"4G\",\"5G\"]},{\"frequencyMHz\":800,\"maxEirpDbm\":59.0,\"technology\":[\"4G\",\"5G\"]},{\"frequencyMHz\":900,\"maxEirpDbm\":64.0,\"technology\":[\"4G\",\"5G\"]}]"},"geometry":{"type":"Point","coordinates":[-9.373477,53.925672]}},{"type":"Feature","id":"0-186","properties":{"network":"Eir","networkIndex":0,"technologies":["4G","5G"],"frequenciesMHz":[700,800,900,1800,2100],"bandsJson":"[{\"frequencyMHz\":700,\"maxEirpDbm\":64.0,\"technology\":[\"4G\",\"5G\"]},{\"frequencyMHz\":800,\"maxEirpDbm\":59.0,\"technology\":[\"4G\",\"5G\"]},{\"frequencyMHz\":900,\"maxEirpDbm\":64.0,\"technology\":[\"4G\",\"5G\"]},{\"frequencyMHz\":1800,\"maxEirpDbm\":64.0,\"technology\":[\"4G\",\"5G\"]},{\"frequencyMHz\":2100,\"maxEirpDbm\":64.0,\"technology\":[\"4G\",\"5G\"]}]"},"geometry":{"type":"Point","coordinates":[-9.373081,52.993613]}},{"type":"Feature","id":"0-187","properties":{"network":"Eir","networkIndex":0,"technologies":["4G","5G"],"frequenciesMHz":[700,800,900],"bandsJson":"[{\"frequencyMHz\":700,\"maxEirpDbm\":64.0,\"technology\":[\"4G\",\"5G\"]},{\"frequencyMHz\":800,\"maxEirpDbm\":59.0,\"technology\":[\"4G\",\"5G\"]},{\"frequencyMHz\":900,\"maxEirpDbm\":64.0,\"technology\":[\"4G\",\"5G\"]}]"},"geometry":{"type":"Point","coordinates":[-9.372153,52.373417]}},{"type":"Feature","id":"0-188","properties":{"network":"Eir","networkIndex":0,"technologies":["4G","5G"],"frequenciesMHz":[700,800,900],"bandsJson":"[{\"frequencyMHz\":700,\"maxEirpDbm\":64.0,\"technology\":[\"4G\",\"5G\"]},{\"frequencyMHz\":800,\"maxEirpDbm\":59.0,\"technology\":[\"4G\",\"5G\"]},{\"frequencyMHz\":900,\"maxEirpDbm\":64.0,\"technology\":[\"4G\",\"5G\"]}]"},"geometry":{"type":"Point","coordinates":[-9.372087,51.482496]}},{"type":"Feature","id":"0-189","properties":{"network":"Eir","networkIndex":0,"technologies":["4G","5G"],"frequenciesMHz":[700,800,900],"bandsJson":"[{\"frequencyMHz\":700,\"maxEirpDbm\":64.0,\"technology\":[\"4G\",\"5G\"]},{\"frequencyMHz\":800,\"maxEirpDbm\":59.0,\"technology\":[\"4G\",\"5G\"]},{\"frequencyMHz\":900,\"maxEirpDbm\":64.0,\"technology\":[\"4G\",\"5G\"]}]"},"geometry":{"type":"Point","coordinates":[-9.367978,54.278652]}},{"type":"Feature","id":"0-190","properties":{"network":"Eir","networkIndex":0,"technologies":["4G","5G"],"frequenciesMHz":[700,800,900],"bandsJson":"[{\"frequencyMHz\":700,\"maxEirpDbm\":64.0,\"technology\":[\"4G\",\"5G\"]},{\"frequencyMHz\":800,\"maxEirpDbm\":59.0,\"technology\":[\"4G\",\"5G\"]},{\"frequencyMHz\":900,\"maxEirpDbm\":64.0,\"technology\":[\"4G\",\"5G\"]}]"},"geometry":{"type":"Point","coordinates":[-9.365037,53.731566]}},{"type":"Feature","id":"0-191","properties":{"network":"Eir","networkIndex":0,"technologies":["4G","5G"],"frequenciesMHz":[700,800,900,1800,2100],"bandsJson":"[{\"frequencyMHz\":700,\"maxEirpDbm\":64.0,\"technology\":[\"4G\",\"5G\"]},{\"frequencyMHz\":800,\"maxEirpDbm\":59.0,\"technology\":[\"4G\",\"5G\"]},{\"frequencyMHz\":900,\"maxEirpDbm\":64.0,\"technology\":[\"4G\",\"5G\"]},{\"frequencyMHz\":1800,\"maxEirpDbm\":64.0,\"technology\":[\"4G\",\"5G\"]},{\"frequencyMHz\":2100,\"maxEirpDbm\":64.0,\"technology\":[\"4G\",\"5G\"]}]"},"geometry":{"type":"Point","coordinates":[-9.36098,53.828301]}},{"type":"Feature","id":"0-192","properties":{"network":"Eir","networkIndex":0,"technologies":["4G","5G"],"frequenciesMHz":[700,800,900,1800,2100],"bandsJson":"[{\"frequencyMHz\":700,\"maxEirpDbm\":64.0,\"technology\":[\"4G\",\"5G\"]},{\"frequencyMHz\":800,\"maxEirpDbm\":59.0,\"technology\":[\"4G\",\"5G\"]},{\"frequencyMHz\":900,\"maxEirpDbm\":64.0,\"technology\":[\"4G\",\"5G\"]},{\"frequencyMHz\":1800,\"maxEirpDbm\":64.0,\"technology\":[\"4G\",\"5G\"]},{\"frequencyMHz\":2100,\"maxEirpDbm\":64.0,\"technology\":[\"4G\",\"5G\"]}]"},"geometry":{"type":"Point","coordinates":[-9.348705,52.879389]}},{"type":"Feature","id":"0-193","properties":{"network":"Eir","networkIndex":0,"technologies":["4G","5G"],"frequenciesMHz":[700,800,900],"bandsJson":"[{\"frequencyMHz\":700,\"maxEirpDbm\":64.0,\"technology\":[\"4G\",\"5G\"]},{\"frequencyMHz\":800,\"maxEirpDbm\":59.0,\"technology\":[\"4G\",\"5G\"]},{\"frequencyMHz\":900,\"maxEirpDbm\":64.0,\"technology\":[\"4G\",\"5G\"]}]"},"geometry":{"type":"Point","coordinates":[-9.34708,51.67278]}},{"type":"Feature","id":"0-194","properties":{"network":"Eir","networkIndex":0,"technologies":["4G","5G"],"frequenciesMHz":[700,800,900],"bandsJson":"[{\"frequencyMHz\":700,\"maxEirpDbm\":64.0,\"technology\":[\"4G\",\"5G\"]},{\"frequencyMHz\":800,\"maxEirpDbm\":59.0,\"technology\":[\"4G\",\"5G\"]},{\"frequencyMHz\":900,\"maxEirpDbm\":64.0,\"technology\":[\"4G\",\"5G\"]}]"},"geometry":{"type":"Point","coordinates":[-9.346936,54.165307]}},{"type":"Feature","id":"0-195","properties":{"network":"Eir","networkIndex":0,"technologies":["4G","5G"],"frequenciesMHz":[700,800,900,1800,2100,2300],"bandsJson":"[{\"frequencyMHz\":700,\"maxEirpDbm\":64.0,\"technology\":[\"4G\",\"5G\"]},{\"frequencyMHz\":800,\"maxEirpDbm\":59.0,\"technology\":[\"4G\",\"5G\"]},{\"frequencyMHz\":900,\"maxEirpDbm\":64.0,\"technology\":[\"4G\",\"5G\"]},{\"frequencyMHz\":1800,\"maxEirpDbm\":64.0,\"technology\":[\"4G\",\"5G\"]},{\"frequencyMHz\":2100,\"maxEirpDbm\":64.0,\"technology\":[\"4G\",\"5G\"]},{\"frequencyMHz\":2300,\"maxEirpDbm\":68.0,\"technology\":[\"4G\",\"5G\"]}]"},"geometry":{"type":"Point","coordinates":[-9.344711,52.931779]}},{"type":"Feature","id":"0-196","properties":{"network":"Eir","networkIndex":0,"technologies":["4G","5G"],"frequenciesMHz":[700,800,900,1800,2100],"bandsJson":"[{\"frequencyMHz\":700,\"maxEirpDbm\":64.0,\"technology\":[\"4G\",\"5G\"]},{\"frequencyMHz\":800,\"maxEirpDbm\":59.0,\"technology\":[\"4G\",\"5G\"]},{\"frequencyMHz\":900,\"maxEirpDbm\":64.0,\"technology\":[\"4G\",\"5G\"]},{\"frequencyMHz\":1800,\"maxEirpDbm\":64.0,\"technology\":[\"4G\",\"5G\"]},{\"frequencyMHz\":2100,\"maxEirpDbm\":64.0,\"technology\":[\"4G\",\"5G\"]}]"},"geometry":{"type":"Point","coordinates":[-9.344239,52.936709]}},{"type":"Feature","id":"0-197","properties":{"network":"Eir","networkIndex":0,"technologies":["4G","5G"],"frequenciesMHz":[700,800,900],"bandsJson":"[{\"frequencyMHz\":700,\"maxEirpDbm\":64.0,\"technology\":[\"4G\",\"5G\"]},{\"frequencyMHz\":800,\"maxEirpDbm\":59.0,\"technology\":[\"4G\",\"5G\"]},{\"frequencyMHz\":900,\"maxEirpDbm\":64.0,\"technology\":[\"4G\",\"5G\"]}]"},"geometry":{"type":"Point","coordinates":[-9.344213,53.550227]}},{"type":"Feature","id":"0-198","properties":{"network":"Eir","networkIndex":0,"technologies":["4G","5G"],"frequenciesMHz":[700,800,900],"bandsJson":"[{\"frequencyMHz\":700,\"maxEirpDbm\":64.0,\"technology\":[\"4G\",\"5G\"]},{\"frequencyMHz\":800,\"maxEirpDbm\":59.0,\"technology\":[\"4G\",\"5G\"]},{\"frequencyMHz\":900,\"maxEirpDbm\":64.0,\"technology\":[\"4G\",\"5G\"]}]"},"geometry":{"type":"Point","coordinates":[-9.339988,53.790593]}},{"type":"Feature","id":"0-199","properties":{"network":"Eir","networkIndex":0,"technologies":["4G","5G"],"frequenciesMHz":[700,800,900],"bandsJson":"[{\"frequencyMHz\":700,\"maxEirpDbm\":64.0,\"technology\":[\"4G\",\"5G\"]},{\"frequencyMHz\":800,\"maxEirpDbm\":59.0,\"technology\":[\"4G\",\"5G\"]},{\"frequencyMHz\":900,\"maxEirpDbm\":64.0,\"technology\":[\"4G\",\"5G\"]}]"},"geometry":{"type":"Point","coordinates":[-9.339672,51.776398]}},{"type":"Feature","id":"0-200","properties":{"network":"Eir","networkIndex":0,"technologies":["4G","5G"],"frequenciesMHz":[700,800,900],"bandsJson":"[{\"frequencyMHz\":700,\"maxEirpDbm\":64.0,\"technology\":[\"4G\",\"5G\"]},{\"frequencyMHz\":800,\"maxEirpDbm\":59.0,\"technology\":[\"4G\",\"5G\"]},{\"frequencyMHz\":900,\"maxEirpDbm\":64.0,\"technology\":[\"4G\",\"5G\"]}]"},"geometry":{"type":"Point","coordinates":[-9.32609,51.561799]}},{"type":"Feature","id":"0-201","properties":{"network":"Eir","networkIndex":0,"technologies":["4G","5G"],"frequenciesMHz":[700,800,900,1800,2100],"bandsJson":"[{\"frequencyMHz\":700,\"maxEirpDbm\":64.0,\"technology\":[\"4G\",\"5G\"]},{\"frequencyMHz\":800,\"maxEirpDbm\":59.0,\"technology\":[\"4G\",\"5G\"]},{\"frequencyMHz\":900,\"maxEirpDbm\":64.0,\"technology\":[\"4G\",\"5G\"]},{\"frequencyMHz\":1800,\"maxEirpDbm\":64.0,\"technology\":[\"4G\",\"5G\"]},{\"frequencyMHz\":2100,\"maxEirpDbm\":64.0,\"technology\":[\"4G\",\"5G\"]}]"},"geometry":{"type":"Point","coordinates":[-9.324117,53.427395]}},{"type":"Feature","id":"0-202","properties":{"network":"Eir","networkIndex":0,"technologies":["4G","5G"],"frequenciesMHz":[700,800,900],"bandsJson":"[{\"frequencyMHz\":700,\"maxEirpDbm\":64.0,\"technology\":[\"4G\",\"5G\"]},{\"frequencyMHz\":800,\"maxEirpDbm\":59.0,\"technology\":[\"4G\",\"5G\"]},{\"frequencyMHz\":900,\"maxEirpDbm\":64.0,\"technology\":[\"4G\",\"5G\"]}]"},"geometry":{"type":"Point","coordinates":[-9.320743,52.719591]}},{"type":"Feature","id":"0-203","properties":{"network":"Eir","networkIndex":0,"technologies":["4G","5G"],"frequenciesMHz":[700,800,900,1800,2100],"bandsJson":"[{\"frequencyMHz\":700,\"maxEirpDbm\":64.0,\"technology\":[\"4G\",\"5G\"]},{\"frequencyMHz\":800,\"maxEirpDbm\":59.0,\"technology\":[\"4G\",\"5G\"]},{\"frequencyMHz\":900,\"maxEirpDbm\":64.0,\"technology\":[\"4G\",\"5G\"]},{\"frequencyMHz\":1800,\"maxEirpDbm\":64.0,\"technology\":[\"4G\",\"5G\"]},{\"frequencyMHz\":2100,\"maxEirpDbm\":64.0,\"technology\":[\"4G\",\"5G\"]}]"},"geometry":{"type":"Point","coordinates":[-9.312837,54.101409]}},{"type":"Feature","id":"0-204","properties":{"network":"Eir","networkIndex":0,"technologies":["4G","5G"],"frequenciesMHz":[700,800,900,1800,2100,2300],"bandsJson":"[{\"frequencyMHz\":700,\"maxEirpDbm\":64.0,\"technology\":[\"4G\",\"5G\"]},{\"frequencyMHz\":800,\"maxEirpDbm\":59.0,\"technology\":[\"4G\",\"5G\"]},{\"frequencyMHz\":900,\"maxEirpDbm\":64.0,\"technology\":[\"4G\",\"5G\"]},{\"frequencyMHz\":1800,\"maxEirpDbm\":64.0,\"technology\":[\"4G\",\"5G\"]},{\"frequencyMHz\":2100,\"maxEirpDbm\":64.0,\"technology\":[\"4G\",\"5G\"]},{\"frequencyMHz\":2300,\"maxEirpDbm\":68.0,\"technology\":[\"4G\",\"5G\"]}]"},"geometry":{"type":"Point","coordinates":[-9.312066,53.855693]}},{"type":"Feature","id":"0-205","properties":{"network":"Eir","networkIndex":0,"technologies":["4G","5G"],"frequenciesMHz":[700,800,900,1800,2100],"bandsJson":"[{\"frequencyMHz\":700,\"maxEirpDbm\":64.0,\"technology\":[\"4G\",\"5G\"]},{\"frequencyMHz\":800,\"maxEirpDbm\":59.0,\"technology\":[\"4G\",\"5G\"]},{\"frequencyMHz\":900,\"maxEirpDbm\":64.0,\"technology\":[\"4G\",\"5G\"]},{\"frequencyMHz\":1800,\"maxEirpDbm\":64.0,\"technology\":[\"4G\",\"5G\"]},{\"frequencyMHz\":2100,\"maxEirpDbm\":64.0,\"technology\":[\"4G\",\"5G\"]}]"},"geometry":{"type":"Point","coordinates":[-9.305017,51.941067]}},{"type":"Feature","id":"0-206","properties":{"network":"Eir","networkIndex":0,"technologies":["4G","5G"],"frequenciesMHz":[700,800,900,1800,2100],"bandsJson":"[{\"frequencyMHz\":700,\"maxEirpDbm\":64.0,\"technology\":[\"4G\",\"5G\"]},{\"frequencyMHz\":800,\"maxEirpDbm\":59.0,\"technology\":[\"4G\",\"5G\"]},{\"frequencyMHz\":900,\"maxEirpDbm\":64.0,\"technology\":[\"4G\",\"5G\"]},{\"frequencyMHz\":1800,\"maxEirpDbm\":64.0,\"technology\":[\"4G\",\"5G\"]},{\"frequencyMHz\":2100,\"maxEirpDbm\":64.0,\"technology\":[\"4G\",\"5G\"]}]"},"geometry":{"type":"Point","coordinates":[-9.304146,53.246023]}},{"type":"Feature","id":"0-207","properties":{"network":"Eir","networkIndex":0,"technologies":["4G","5G"],"frequenciesMHz":[700,800,900,1800,2100],"bandsJson":"[{\"frequencyMHz\":700,\"maxEirpDbm\":64.0,\"technology\":[\"4G\",\"5G\"]},{\"frequencyMHz\":800,\"maxEirpDbm\":59.0,\"technology\":[\"4G\",\"5G\"]},{\"frequencyMHz\":900,\"maxEirpDbm\":64.0,\"technology\":[\"4G\",\"5G\"]},{\"frequencyMHz\":1800,\"maxEirpDbm\":64.0,\"technology\":[\"4G\",\"5G\"]},{\"frequencyMHz\":2100,\"maxEirpDbm\":64.0,\"technology\":[\"4G\",\"5G\"]}]"},"geometry":{"type":"Point","coordinates":[-9.303576,52.380242]}},{"type":"Feature","id":"0-208","properties":{"network":"Eir","networkIndex":0,"technologies":["4G","5G"],"frequenciesMHz":[700,800,900],"bandsJson":"[{\"frequencyMHz\":700,\"maxEirpDbm\":64.0,\"technology\":[\"4G\",\"5G\"]},{\"frequencyMHz\":800,\"maxEirpDbm\":59.0,\"technology\":[\"4G\",\"5G\"]},{\"frequencyMHz\":900,\"maxEirpDbm\":64.0,\"technology\":[\"4G\",\"5G\"]}]"},"geometry":{"type":"Point","coordinates":[-9.301464,54.287744]}},{"type":"Feature","id":"0-209","properties":{"network":"Eir","networkIndex":0,"technologies":["4G","5G"],"frequenciesMHz":[700,800,900],"bandsJson":"[{\"frequencyMHz\":700,\"maxEirpDbm\":64.0,\"technology\":[\"4G\",\"5G\"]},{\"frequencyMHz\":800,\"maxEirpDbm\":59.0,\"technology\":[\"4G\",\"5G\"]},{\"frequencyMHz\":900,\"maxEirpDbm\":64.0,\"technology\":[\"4G\",\"5G\"]}]"},"geometry":{"type":"Point","coordinates":[-9.299175,52.451943]}},{"type":"Feature","id":"0-210","properties":{"network":"Eir","networkIndex":0,"technologies":["4G","5G"],"frequenciesMHz":[700,800,900,1800,2100],"bandsJson":"[{\"frequencyMHz\":700,\"maxEirpDbm\":64.0,\"technology\":[\"4G\",\"5G\"]},{\"frequencyMHz\":800,\"maxEirpDbm\":59.0,\"technology\":[\"4G\",\"5G\"]},{\"frequencyMHz\":900,\"maxEirpDbm\":64.0,\"technology\":[\"4G\",\"5G\"]},{\"frequencyMHz\":1800,\"maxEirpDbm\":64.0,\"technology\":[\"4G\",\"5G\"]},{\"frequencyMHz\":2100,\"maxEirpDbm\":64.0,\"technology\":[\"4G\",\"5G\"]}]"},"geometry":{"type":"Point","coordinates":[-9.298274,53.378114]}},{"type":"Feature","id":"0-211","properties":{"network":"Eir","networkIndex":0,"technologies":["4G","5G"],"frequenciesMHz":[700,800,900,1800,2100,2300],"bandsJson":"[{\"frequencyMHz\":700,\"maxEirpDbm\":64.0,\"technology\":[\"4G\",\"5G\"]},{\"frequencyMHz\":800,\"maxEirpDbm\":59.0,\"technology\":[\"4G\",\"5G\"]},{\"frequencyMHz\":900,\"maxEirpDbm\":64.0,\"technology\":[\"4G\",\"5G\"]},{\"frequencyMHz\":1800,\"maxEirpDbm\":64.0,\"technology\":[\"4G\",\"5G\"]},{\"frequencyMHz\":2100,\"maxEirpDbm\":64.0,\"technology\":[\"4G\",\"5G\"]},{\"frequencyMHz\":2300,\"maxEirpDbm\":68.0,\"technology\":[\"4G\",\"5G\"]}]"},"geometry":{"type":"Point","coordinates":[-9.296307,53.853267]}},{"type":"Feature","id":"0-212","properties":{"network":"Eir","networkIndex":0,"technologies":["4G","5G"],"frequenciesMHz":[700,800,900,1800,2100,3600],"bandsJson":"[{\"frequencyMHz\":700,\"maxEirpDbm\":64.0,\"technology\":[\"4G\",\"5G\"]},{\"frequencyMHz\":800,\"maxEirpDbm\":59.0,\"technology\":[\"4G\",\"5G\"]},{\"frequencyMHz\":900,\"maxEirpDbm\":64.0,\"technology\":[\"4G\",\"5G\"]},{\"frequencyMHz\":1800,\"maxEirpDbm\":64.0,\"technology\":[\"4G\",\"5G\"]},{\"frequencyMHz\":2100,\"maxEirpDbm\":64.0,\"technology\":[\"4G\",\"5G\"]},{\"frequencyMHz\":3600,\"maxEirpDbm\":64.0,\"technology\":[\"4G\",\"5G\"]}]"},"geometry":{"type":"Point","coordinates":[-9.294302,53.858725]}},{"type":"Feature","id":"0-213","properties":{"network":"Eir","networkIndex":0,"technologies":["4G","5G"],"frequenciesMHz":[700,800,900,1800,2100],"bandsJson":"[{\"frequencyMHz\":700,\"maxEirpDbm\":64.0,\"technology\":[\"4G\",\"5G\"]},{\"frequencyMHz\":800,\"maxEirpDbm\":59.0,\"technology\":[\"4G\",\"5G\"]},{\"frequencyMHz\":900,\"maxEirpDbm\":64.0,\"technology\":[\"4G\",\"5G\"]},{\"frequencyMHz\":1800,\"maxEirpDbm\":64.0,\"technology\":[\"4G\",\"5G\"]},{\"frequencyMHz\":2100,\"maxEirpDbm\":64.0,\"technology\":[\"4G\",\"5G\"]}]"},"geometry":{"type":"Point","coordinates":[-9.29058,52.944394]}},{"type":"Feature","id":"0-214","properties":{"network":"Eir","networkIndex":0,"technologies":["4G","5G"],"frequenciesMHz":[700,800,900,1800,2100],"bandsJson":"[{\"frequencyMHz\":700,\"maxEirpDbm\":64.0,\"technology\":[\"4G\",\"5G\"]},{\"frequencyMHz\":800,\"maxEirpDbm\":59.0,\"technology\":[\"4G\",\"5G\"]},{\"frequencyMHz\":900,\"maxEirpDbm\":64.0,\"technology\":[\"4G\",\"5G\"]},{\"frequencyMHz\":1800,\"maxEirpDbm\":64.0,\"technology\":[\"4G\",\"5G\"]},{\"frequencyMHz\":2100,\"maxEirpDbm\":64.0,\"technology\":[\"4G\",\"5G\"]}]"},"geometry":{"type":"Point","coordinates":[-9.290119,52.387156]}},{"type":"Feature","id":"0-215","properties":{"network":"Eir","networkIndex":0,"technologies":["4G","5G"],"frequenciesMHz":[700,800,900,1800,2100],"bandsJson":"[{\"frequencyMHz\":700,\"maxEirpDbm\":64.0,\"technology\":[\"4G\",\"5G\"]},{\"frequencyMHz\":800,\"maxEirpDbm\":59.0,\"technology\":[\"4G\",\"5G\"]},{\"frequencyMHz\":900,\"maxEirpDbm\":64.0,\"technology\":[\"4G\",\"5G\"]},{\"frequencyMHz\":1800,\"maxEirpDbm\":64.0,\"technology\":[\"4G\",\"5G\"]},{\"frequencyMHz\":2100,\"maxEirpDbm\":64.0,\"technology\":[\"4G\",\"5G\"]}]"},"geometry":{"type":"Point","coordinates":[-9.289205,52.720603]}},{"type":"Feature","id":"0-216","properties":{"network":"Eir","networkIndex":0,"technologies":["4G","5G"],"frequenciesMHz":[700,800,900,1800,2100],"bandsJson":"[{\"frequencyMHz\":700,\"maxEirpDbm\":64.0,\"technology\":[\"4G\",\"5G\"]},{\"frequencyMHz\":800,\"maxEirpDbm\":59.0,\"technology\":[\"4G\",\"5G\"]},{\"frequencyMHz\":900,\"maxEirpDbm\":64.0,\"technology\":[\"4G\",\"5G\"]},{\"frequencyMHz\":1800,\"maxEirpDbm\":64.0,\"technology\":[\"4G\",\"5G\"]},{\"frequencyMHz\":2100,\"maxEirpDbm\":64.0,\"technology\":[\"4G\",\"5G\"]}]"},"geometry":{"type":"Point","coordinates":[-9.287787,53.032632]}},{"type":"Feature","id":"0-217","properties":{"network":"Eir","networkIndex":0,"technologies":["4G","5G"],"frequenciesMHz":[700,800,900,1800,2100,2300],"bandsJson":"[{\"frequencyMHz\":700,\"maxEirpDbm\":64.0,\"technology\":[\"4G\",\"5G\"]},{\"frequencyMHz\":800,\"maxEirpDbm\":59.0,\"technology\":[\"4G\",\"5G\"]},{\"frequencyMHz\":900,\"maxEirpDbm\":64.0,\"technology\":[\"4G\",\"5G\"]},{\"frequencyMHz\":1800,\"maxEirpDbm\":64.0,\"technology\":[\"4G\",\"5G\"]},{\"frequencyMHz\":2100,\"maxEirpDbm\":64.0,\"technology\":[\"4G\",\"5G\"]},{\"frequencyMHz\":2300,\"maxEirpDbm\":68.0,\"technology\":[\"4G\",\"5G\"]}]"},"geometry":{"type":"Point","coordinates":[-9.286942,53.868023]}},{"type":"Feature","id":"0-218","properties":{"network":"Eir","networkIndex":0,"technologies":["4G","5G"],"frequenciesMHz":[700,800,900,1800,2100],"bandsJson":"[{\"frequencyMHz\":700,\"maxEirpDbm\":64.0,\"technology\":[\"4G\",\"5G\"]},{\"frequencyMHz\":800,\"maxEirpDbm\":59.0,\"technology\":[\"4G\",\"5G\"]},{\"frequencyMHz\":900,\"maxEirpDbm\":64.0,\"technology\":[\"4G\",\"5G\"]},{\"frequencyMHz\":1800,\"maxEirpDbm\":64.0,\"technology\":[\"4G\",\"5G\"]},{\"frequencyMHz\":2100,\"maxEirpDbm\":64.0,\"technology\":[\"4G\",\"5G\"]}]"},"geometry":{"type":"Point","coordinates":[-9.286495,53.856922]}},{"type":"Feature","id":"0-219","properties":{"network":"Eir","networkIndex":0,"technologies":["4G","5G"],"frequenciesMHz":[700,800,900],"bandsJson":"[{\"frequencyMHz\":700,\"maxEirpDbm\":64.0,\"technology\":[\"4G\",\"5G\"]},{\"frequencyMHz\":800,\"maxEirpDbm\":59.0,\"technology\":[\"4G\",\"5G\"]},{\"frequencyMHz\":900,\"maxEirpDbm\":64.0,\"technology\":[\"4G\",\"5G\"]}]"},"geometry":{"type":"Point","coordinates":[-9.286241,52.813511]}},{"type":"Feature","id":"0-220","properties":{"network":"Eir","networkIndex":0,"technologies":["4G","5G"],"frequenciesMHz":[700,800,900],"bandsJson":"[{\"frequencyMHz\":700,\"maxEirpDbm\":64.0,\"technology\":[\"4G\",\"5G\"]},{\"frequencyMHz\":800,\"maxEirpDbm\":59.0,\"technology\":[\"4G\",\"5G\"]},{\"frequencyMHz\":900,\"maxEirpDbm\":64.0,\"technology\":[\"4G\",\"5G\"]}]"},"geometry":{"type":"Point","coordinates":[-9.286174,52.056531]}},{"type":"Feature","id":"0-221","properties":{"network":"Eir","networkIndex":0,"technologies":["4G","5G"],"frequenciesMHz":[700,800,900,1800,2100],"bandsJson":"[{\"frequencyMHz\":700,\"maxEirpDbm\":64.0,\"technology\":[\"4G\",\"5G\"]},{\"frequencyMHz\":800,\"maxEirpDbm\":59.0,\"technology\":[\"4G\",\"5G\"]},{\"frequencyMHz\":900,\"maxEirpDbm\":64.0,\"technology\":[\"4G\",\"5G\"]},{\"frequencyMHz\":1800,\"maxEirpDbm\":64.0,\"technology\":[\"4G\",\"5G\"]},{\"frequencyMHz\":2100,\"maxEirpDbm\":64.0,\"technology\":[\"4G\",\"5G\"]}]"},"geometry":{"type":"Point","coordinates":[-9.284713,53.534519]}},{"type":"Feature","id":"0-222","properties":{"network":"Eir","networkIndex":0,"technologies":["4G","5G"],"frequenciesMHz":[700,800,900],"bandsJson":"[{\"frequencyMHz\":700,\"maxEirpDbm\":64.0,\"technology\":[\"4G\",\"5G\"]},{\"frequencyMHz\":800,\"maxEirpDbm\":59.0,\"technology\":[\"4G\",\"5G\"]},{\"frequencyMHz\":900,\"maxEirpDbm\":64.0,\"technology\":[\"4G\",\"5G\"]}]"},"geometry":{"type":"Point","coordinates":[-9.284369,51.544331]}},{"type":"Feature","id":"0-223","properties":{"network":"Eir","networkIndex":0,"technologies":["4G","5G"],"frequenciesMHz":[700,800,900],"bandsJson":"[{\"frequencyMHz\":700,\"maxEirpDbm\":64.0,\"technology\":[\"4G\",\"5G\"]},{\"frequencyMHz\":800,\"maxEirpDbm\":59.0,\"technology\":[\"4G\",\"5G\"]},{\"frequencyMHz\":900,\"maxEirpDbm\":64.0,\"technology\":[\"4G\",\"5G\"]}]"},"geometry":{"type":"Point","coordinates":[-9.282117,52.568042]}},{"type":"Feature","id":"0-224","properties":{"network":"Eir","networkIndex":0,"technologies":["4G","5G"],"frequenciesMHz":[700,800,900,1800,2100],"bandsJson":"[{\"frequencyMHz\":700,\"maxEirpDbm\":64.0,\"technology\":[\"4G\",\"5G\"]},{\"frequencyMHz\":800,\"maxEirpDbm\":59.0,\"technology\":[\"4G\",\"5G\"]},{\"frequencyMHz\":900,\"maxEirpDbm\":64.0,\"technology\":[\"4G\",\"5G\"]},{\"frequencyMHz\":1800,\"maxEirpDbm\":64.0,\"technology\":[\"4G\",\"5G\"]},{\"frequencyMHz\":2100,\"maxEirpDbm\":64.0,\"technology\":[\"4G\",\"5G\"]}]"},"geometry":{"type":"Point","coordinates":[-9.277923,52.193921]}},{"type":"Feature","id":"0-225","properties":{"network":"Eir","networkIndex":0,"technologies":["4G","5G"],"frequenciesMHz":[700,800,900,1800,2100],"bandsJson":"[{\"frequencyMHz\":700,\"maxEirpDbm\":64.0,\"technology\":[\"4G\",\"5G\"]},{\"frequencyMHz\":800,\"maxEirpDbm\":59.0,\"technology\":[\"4G\",\"5G\"]},{\"frequencyMHz\":900,\"maxEirpDbm\":64.0,\"technology\":[\"4G\",\"5G\"]},{\"frequencyMHz\":1800,\"maxEirpDbm\":64.0,\"technology\":[\"4G\",\"5G\"]},{\"frequencyMHz\":2100,\"maxEirpDbm\":64.0,\"technology\":[\"4G\",\"5G\"]}]"},"geometry":{"type":"Point","coordinates":[-9.277095,53.553523]}},{"type":"Feature","id":"0-226","properties":{"network":"Eir","networkIndex":0,"technologies":["4G","5G"],"frequenciesMHz":[700,800,900,1800,2100],"bandsJson":"[{\"frequencyMHz\":700,\"maxEirpDbm\":64.0,\"technology\":[\"4G\",\"5G\"]},{\"frequencyMHz\":800,\"maxEirpDbm\":59.0,\"technology\":[\"4G\",\"5G\"]},{\"frequencyMHz\":900,\"maxEirpDbm\":64.0,\"technology\":[\"4G\",\"5G\"]},{\"frequencyMHz\":1800,\"maxEirpDbm\":64.0,\"technology\":[\"4G\",\"5G\"]},{\"frequencyMHz\":2100,\"maxEirpDbm\":64.0,\"technology\":[\"4G\",\"5G\"]}]"},"geometry":{"type":"Point","coordinates":[-9.276371,53.849851]}},{"type":"Feature","id":"0-227","properties":{"network":"Eir","networkIndex":0,"technologies":["4G","5G"],"frequenciesMHz":[700,800,900],"bandsJson":"[{\"frequencyMHz\":700,\"maxEirpDbm\":64.0,\"technology\":[\"4G\",\"5G\"]},{\"frequencyMHz\":800,\"maxEirpDbm\":59.0,\"technology\":[\"4G\",\"5G\"]},{\"frequencyMHz\":900,\"maxEirpDbm\":64.0,\"technology\":[\"4G\",\"5G\"]}]"},"geometry":{"type":"Point","coordinates":[-9.274614,51.653248]}},{"type":"Feature","id":"0-228","properties":{"network":"Eir","networkIndex":0,"technologies":["4G","5G"],"frequenciesMHz":[700,800,900,1800,2100,2300],"bandsJson":"[{\"frequencyMHz\":700,\"maxEirpDbm\":64.0,\"technology\":[\"4G\",\"5G\"]},{\"frequencyMHz\":800,\"maxEirpDbm\":59.0,\"technology\":[\"4G\",\"5G\"]},{\"frequencyMHz\":900,\"maxEirpDbm\":64.0,\"technology\":[\"4G\",\"5G\"]},{\"frequencyMHz\":1800,\"maxEirpDbm\":64.0,\"technology\":[\"4G\",\"5G\"]},{\"frequencyMHz\":2100,\"maxEirpDbm\":64.0,\"technology\":[\"4G\",\"5G\"]},{\"frequencyMHz\":2300,\"maxEirpDbm\":68.0,\"technology\":[\"4G\",\"5G\"]}]"},"geometry":{"type":"Point","coordinates":[-9.273442,52.944345]}},{"type":"Feature","id":"0-229","properties":{"network":"Eir","networkIndex":0,"technologies":["4G","5G"],"frequenciesMHz":[700,800,900],"bandsJson":"[{\"frequencyMHz\":700,\"maxEirpDbm\":64.0,\"technology\":[\"4G\",\"5G\"]},{\"frequencyMHz\":800,\"maxEirpDbm\":59.0,\"technology\":[\"4G\",\"5G\"]},{\"frequencyMHz\":900,\"maxEirpDbm\":64.0,\"technology\":[\"4G\",\"5G\"]}]"},"geometry":{"type":"Point","coordinates":[-9.272497,52.517433]}},{"type":"Feature","id":"0-230","properties":{"network":"Eir","networkIndex":0,"technologies":["4G","5G"],"frequenciesMHz":[700,800,900],"bandsJson":"[{\"frequencyMHz\":700,\"maxEirpDbm\":64.0,\"technology\":[\"4G\",\"5G\"]},{\"frequencyMHz\":800,\"maxEirpDbm\":59.0,\"technology\":[\"4G\",\"5G\"]},{\"frequencyMHz\":900,\"maxEirpDbm\":64.0,\"technology\":[\"4G\",\"5G\"]}]"},"geometry":{"type":"Point","coordinates":[-9.264807,52.853272]}},{"type":"Feature","id":"0-231","properties":{"network":"Eir","networkIndex":0,"technologies":["4G","5G"],"frequenciesMHz":[700,800,900,1800,2100,2300],"bandsJson":"[{\"frequencyMHz\":700,\"maxEirpDbm\":64.0,\"technology\":[\"4G\",\"5G\"]},{\"frequencyMHz\":800,\"maxEirpDbm\":59.0,\"technology\":[\"4G\",\"5G\"]},{\"frequencyMHz\":900,\"maxEirpDbm\":64.0,\"technology\":[\"4G\",\"5G\"]},{\"frequencyMHz\":1800,\"maxEirpDbm\":64.0,\"technology\":[\"4G\",\"5G\"]},{\"frequencyMHz\":2100,\"maxEirpDbm\":64.0,\"technology\":[\"4G\",\"5G\"]},{\"frequencyMHz\":2300,\"maxEirpDbm\":68.0,\"technology\":[\"4G\",\"5G\"]}]"},"geometry":{"type":"Point","coordinates":[-9.261119,51.549051]}},{"type":"Feature","id":"0-232","properties":{"network":"Eir","networkIndex":0,"technologies":["4G","5G"],"frequenciesMHz":[700,800,900],"bandsJson":"[{\"frequencyMHz\":700,\"maxEirpDbm\":64.0,\"technology\":[\"4G\",\"5G\"]},{\"frequencyMHz\":800,\"maxEirpDbm\":59.0,\"technology\":[\"4G\",\"5G\"]},{\"frequencyMHz\":900,\"maxEirpDbm\":64.0,\"technology\":[\"4G\",\"5G\"]}]"},"geometry":{"type":"Point","coordinates":[-9.257826,52.121223]}},{"type":"Feature","id":"0-233","properties":{"network":"Eir","networkIndex":0,"technologies":["4G","5G"],"frequenciesMHz":[700,800,900],"bandsJson":"[{\"frequencyMHz\":700,\"maxEirpDbm\":64.0,\"technology\":[\"4G\",\"5G\"]},{\"frequencyMHz\":800,\"maxEirpDbm\":59.0,\"technology\":[\"4G\",\"5G\"]},{\"frequencyMHz\":900,\"maxEirpDbm\":64.0,\"technology\":[\"4G\",\"5G\"]}]"},"geometry":{"type":"Point","coordinates":[-9.255817,51.506243]}},{"type":"Feature","id":"0-234","properties":{"network":"Eir","networkIndex":0,"technologies":["4G","5G"],"frequenciesMHz":[700,800,900],"bandsJson":"[{\"frequencyMHz\":700,\"maxEirpDbm\":64.0,\"technology\":[\"4G\",\"5G\"]},{\"frequencyMHz\":800,\"maxEirpDbm\":59.0,\"technology\":[\"4G\",\"5G\"]},{\"frequencyMHz\":900,\"maxEirpDbm\":64.0,\"technology\":[\"4G\",\"5G\"]}]"},"geometry":{"type":"Point","coordinates":[-9.253873,52.344768]}},{"type":"Feature","id":"0-235","properties":{"network":"Eir","networkIndex":0,"technologies":["4G","5G"],"frequenciesMHz":[700,800,900],"bandsJson":"[{\"frequencyMHz\":700,\"maxEirpDbm\":64.0,\"technology\":[\"4G\",\"5G\"]},{\"frequencyMHz\":800,\"maxEirpDbm\":59.0,\"technology\":[\"4G\",\"5G\"]},{\"frequencyMHz\":900,\"maxEirpDbm\":64.0,\"technology\":[\"4G\",\"5G\"]}]"},"geometry":{"type":"Point","coordinates":[-9.245002,51.722702]}},{"type":"Feature","id":"0-236","properties":{"network":"Eir","networkIndex":0,"technologies":["4G","5G"],"frequenciesMHz":[700,800,900,1800,2100],"bandsJson":"[{\"frequencyMHz\":700,\"maxEirpDbm\":64.0,\"technology\":[\"4G\",\"5G\"]},{\"frequencyMHz\":800,\"maxEirpDbm\":59.0,\"technology\":[\"4G\",\"5G\"]},{\"frequencyMHz\":900,\"maxEirpDbm\":64.0,\"technology\":[\"4G\",\"5G\"]},{\"frequencyMHz\":1800,\"maxEirpDbm\":64.0,\"technology\":[\"4G\",\"5G\"]},{\"frequencyMHz\":2100,\"maxEirpDbm\":64.0,\"technology\":[\"4G\",\"5G\"]}]"},"geometry":{"type":"Point","coordinates":[-9.241187,54.220682]}},{"type":"Feature","id":"0-237","properties":{"network":"Eir","networkIndex":0,"technologies":["4G","5G"],"frequenciesMHz":[700,800,900,1800,2100],"bandsJson":"[{\"frequencyMHz\":700,\"maxEirpDbm\":64.0,\"technology\":[\"4G\",\"5G\"]},{\"frequencyMHz\":800,\"maxEirpDbm\":59.0,\"technology\":[\"4G\",\"5G\"]},{\"frequencyMHz\":900,\"maxEirpDbm\":64.0,\"technology\":[\"4G\",\"5G\"]},{\"frequencyMHz\":1800,\"maxEirpDbm\":64.0,\"technology\":[\"4G\",\"5G\"]},{\"frequencyMHz\":2100,\"maxEirpDbm\":64.0,\"technology\":[\"4G\",\"5G\"]}]"},"geometry":{"type":"Point","coordinates":[-9.240913,53.88556]}},{"type":"Feature","id":"0-238","properties":{"network":"Eir","networkIndex":0,"technologies":["4G","5G"],"frequenciesMHz":[700,800,900],"bandsJson":"[{\"frequencyMHz\":700,\"maxEirpDbm\":64.0,\"technology\":[\"4G\",\"5G\"]},{\"frequencyMHz\":800,\"maxEirpDbm\":59.0,\"technology\":[\"4G\",\"5G\"]},{\"frequencyMHz\":900,\"maxEirpDbm\":64.0,\"technology\":[\"4G\",\"5G\"]}]"},"geometry":{"type":"Point","coordinates":[-9.230884,52.178307]}},{"type":"Feature","id":"0-239","properties":{"network":"Eir","networkIndex":0,"technologies":["4G","5G"],"frequenciesMHz":[700,800,900],"bandsJson":"[{\"frequencyMHz\":700,\"maxEirpDbm\":64.0,\"technology\":[\"4G\",\"5G\"]},{\"frequencyMHz\":800,\"maxEirpDbm\":59.0,\"technology\":[\"4G\",\"5G\"]},{\"frequencyMHz\":900,\"maxEirpDbm\":64.0,\"technology\":[\"4G\",\"5G\"]}]"},"geometry":{"type":"Point","coordinates":[-9.229311,52.573634]}},{"type":"Feature","id":"0-240","properties":{"network":"Eir","networkIndex":0,"technologies":["4G","5G"],"frequenciesMHz":[700,800,900],"bandsJson":"[{\"frequencyMHz\":700,\"maxEirpDbm\":64.0,\"technology\":[\"4G\",\"5G\"]},{\"frequencyMHz\":800,\"maxEirpDbm\":59.0,\"technology\":[\"4G\",\"5G\"]},{\"frequencyMHz\":900,\"maxEirpDbm\":64.0,\"technology\":[\"4G\",\"5G\"]}]"},"geometry":{"type":"Point","coordinates":[-9.228382,53.845132]}},{"type":"Feature","id":"0-241","properties":{"network":"Eir","networkIndex":0,"technologies":["4G","5G"],"frequenciesMHz":[700,800,900,1800,2100],"bandsJson":"[{\"frequencyMHz\":700,\"maxEirpDbm\":64.0,\"technology\":[\"4G\",\"5G\"]},{\"frequencyMHz\":800,\"maxEirpDbm\":59.0,\"technology\":[\"4G\",\"5G\"]},{\"frequencyMHz\":900,\"maxEirpDbm\":64.0,\"technology\":[\"4G\",\"5G\"]},{\"frequencyMHz\":1800,\"maxEirpDbm\":64.0,\"technology\":[\"4G\",\"5G\"]},{\"frequencyMHz\":2100,\"maxEirpDbm\":64.0,\"technology\":[\"4G\",\"5G\"]}]"},"geometry":{"type":"Point","coordinates":[-9.22729,51.835982]}},{"type":"Feature","id":"0-242","properties":{"network":"Eir","networkIndex":0,"technologies":["4G","5G"],"frequenciesMHz":[700,800,900,1800,2100],"bandsJson":"[{\"frequencyMHz\":700,\"maxEirpDbm\":64.0,\"technology\":[\"4G\",\"5G\"]},{\"frequencyMHz\":800,\"maxEirpDbm\":59.0,\"technology\":[\"4G\",\"5G\"]},{\"frequencyMHz\":900,\"maxEirpDbm\":64.0,\"technology\":[\"4G\",\"5G\"]},{\"frequencyMHz\":1800,\"maxEirpDbm\":64.0,\"technology\":[\"4G\",\"5G\"]},{\"frequencyMHz\":2100,\"maxEirpDbm\":64.0,\"technology\":[\"4G\",\"5G\"]}]"},"geometry":{"type":"Point","coordinates":[-9.22702,54.119232]}},{"type":"Feature","id":"0-243","properties":{"network":"Eir","networkIndex":0,"technologies":["4G","5G"],"frequenciesMHz":[700,800,900,1800,2100,2300],"bandsJson":"[{\"frequencyMHz\":700,\"maxEirpDbm\":64.0,\"technology\":[\"4G\",\"5G\"]},{\"frequencyMHz\":800,\"maxEirpDbm\":59.0,\"technology\":[\"4G\",\"5G\"]},{\"frequencyMHz\":900,\"maxEirpDbm\":64.0,\"technology\":[\"4G\",\"5G\"]},{\"frequencyMHz\":1800,\"maxEirpDbm\":64.0,\"technology\":[\"4G\",\"5G\"]},{\"frequencyMHz\":2100,\"maxEirpDbm\":64.0,\"technology\":[\"4G\",\"5G\"]},{\"frequencyMHz\":2300,\"maxEirpDbm\":68.0,\"technology\":[\"4G\",\"5G\"]}]"},"geometry":{"type":"Point","coordinates":[-9.226058,53.624304]}},{"type":"Feature","id":"0-244","properties":{"network":"Eir","networkIndex":0,"technologies":["4G","5G"],"frequenciesMHz":[700,800,900],"bandsJson":"[{\"frequencyMHz\":700,\"maxEirpDbm\":64.0,\"technology\":[\"4G\",\"5G\"]},{\"frequencyMHz\":800,\"maxEirpDbm\":59.0,\"technology\":[\"4G\",\"5G\"]},{\"frequencyMHz\":900,\"maxEirpDbm\":64.0,\"technology\":[\"4G\",\"5G\"]}]"},"geometry":{"type":"Point","coordinates":[-9.221914,54.193091]}},{"type":"Feature","id":"0-245","properties":{"network":"Eir","networkIndex":0,"technologies":["4G","5G"],"frequenciesMHz":[700,800,900],"bandsJson":"[{\"frequencyMHz\":700,\"maxEirpDbm\":64.0,\"technology\":[\"4G\",\"5G\"]},{\"frequencyMHz\":800,\"maxEirpDbm\":59.0,\"technology\":[\"4G\",\"5G\"]},{\"frequencyMHz\":900,\"maxEirpDbm\":64.0,\"technology\":[\"4G\",\"5G\"]}]"},"geometry":{"type":"Point","coordinates":[-9.216482,52.989468]}},{"type":"Feature","id":"0-246","properties":{"network":"Eir","networkIndex":0,"technologies":["4G","5G"],"frequenciesMHz":[700,800,900,1800,2100],"bandsJson":"[{\"frequencyMHz\":700,\"maxEirpDbm\":64.0,\"technology\":[\"4G\",\"5G\"]},{\"frequencyMHz\":800,\"maxEirpDbm\":59.0,\"technology\":[\"4G\",\"5G\"]},{\"frequencyMHz\":900,\"maxEirpDbm\":64.0,\"technology\":[\"4G\",\"5G\"]},{\"frequencyMHz\":1800,\"maxEirpDbm\":64.0,\"technology\":[\"4G\",\"5G\"]},{\"frequencyMHz\":2100,\"maxEirpDbm\":64.0,\"technology\":[\"4G\",\"5G\"]}]"},"geometry":{"type":"Point","coordinates":[-9.214357,52.084525]}},{"type":"Feature","id":"0-247","properties":{"network":"Eir","networkIndex":0,"technologies":["4G","5G"],"frequenciesMHz":[700,800,900],"bandsJson":"[{\"frequencyMHz\":700,\"maxEirpDbm\":64.0,\"technology\":[\"4G\",\"5G\"]},{\"frequencyMHz\":800,\"maxEirpDbm\":59.0,\"technology\":[\"4G\",\"5G\"]},{\"frequencyMHz\":900,\"maxEirpDbm\":64.0,\"technology\":[\"4G\",\"5G\"]}]"},"geometry":{"type":"Point","coordinates":[-9.209037,53.805965]}},{"type":"Feature","id":"0-248","properties":{"network":"Eir","networkIndex":0,"technologies":["4G","5G"],"frequenciesMHz":[700,800,900],"bandsJson":"[{\"frequencyMHz\":700,\"maxEirpDbm\":64.0,\"technology\":[\"4G\",\"5G\"]},{\"frequencyMHz\":800,\"maxEirpDbm\":59.0,\"technology\":[\"4G\",\"5G\"]},{\"frequencyMHz\":900,\"maxEirpDbm\":64.0,\"technology\":[\"4G\",\"5G\"]}]"},"geometry":{"type":"Point","coordinates":[-9.204186,53.063503]}},{"type":"Feature","id":"0-249","properties":{"network":"Eir","networkIndex":0,"technologies":["4G","5G"],"frequenciesMHz":[700,800,900],"bandsJson":"[{\"frequencyMHz\":700,\"maxEirpDbm\":64.0,\"technology\":[\"4G\",\"5G\"]},{\"frequencyMHz\":800,\"maxEirpDbm\":59.0,\"technology\":[\"4G\",\"5G\"]},{\"frequencyMHz\":900,\"maxEirpDbm\":64.0,\"technology\":[\"4G\",\"5G\"]}]"},"geometry":{"type":"Point","coordinates":[-9.200352,53.248965]}},{"type":"Feature","id":"0-250","properties":{"network":"Eir","networkIndex":0,"technologies":["4G","5G"],"frequenciesMHz":[700,800,900],"bandsJson":"[{\"frequencyMHz\":700,\"maxEirpDbm\":64.0,\"technology\":[\"4G\",\"5G\"]},{\"frequencyMHz\":800,\"maxEirpDbm\":59.0,\"technology\":[\"4G\",\"5G\"]},{\"frequencyMHz\":900,\"maxEirpDbm\":64.0,\"technology\":[\"4G\",\"5G\"]}]"},"geometry":{"type":"Point","coordinates":[-9.198022,53.939689]}},{"type":"Feature","id":"0-251","properties":{"network":"Eir","networkIndex":0,"technologies":["4G","5G"],"frequenciesMHz":[700,800,900],"bandsJson":"[{\"frequencyMHz\":700,\"maxEirpDbm\":64.0,\"technology\":[\"4G\",\"5G\"]},{\"frequencyMHz\":800,\"maxEirpDbm\":59.0,\"technology\":[\"4G\",\"5G\"]},{\"frequencyMHz\":900,\"maxEirpDbm\":64.0,\"technology\":[\"4G\",\"5G\"]}]"},"geometry":{"type":"Point","coordinates":[-9.192797,51.562762]}},{"type":"Feature","id":"0-252","properties":{"network":"Eir","networkIndex":0,"technologies":["4G","5G"],"frequenciesMHz":[700,800,900],"bandsJson":"[{\"frequencyMHz\":700,\"maxEirpDbm\":64.0,\"technology\":[\"4G\",\"5G\"]},{\"frequencyMHz\":800,\"maxEirpDbm\":59.0,\"technology\":[\"4G\",\"5G\"]},{\"frequencyMHz\":900,\"maxEirpDbm\":64.0,\"technology\":[\"4G\",\"5G\"]}]"},"geometry":{"type":"Point","coordinates":[-9.189488,52.04793]}},{"type":"Feature","id":"0-253","properties":{"network":"Eir","networkIndex":0,"technologies":["4G","5G"],"frequenciesMHz":[700,800,900,1800,2100],"bandsJson":"[{\"frequencyMHz\":700,\"maxEirpDbm\":64.0,\"technology\":[\"4G\",\"5G\"]},{\"frequencyMHz\":800,\"maxEirpDbm\":59.0,\"technology\":[\"4G\",\"5G\"]},{\"frequencyMHz\":900,\"maxEirpDbm\":64.0,\"technology\":[\"4G\",\"5G\"]},{\"frequencyMHz\":1800,\"maxEirpDbm\":64.0,\"technology\":[\"4G\",\"5G\"]},{\"frequencyMHz\":2100,\"maxEirpDbm\":64.0,\"technology\":[\"4G\",\"5G\"]}]"},"geometry":{"type":"Point","coordinates":[-9.180257,53.338051]}},{"type":"Feature","id":"0-254","properties":{"network":"Eir","networkIndex":0,"technologies":["4G","5G"],"frequenciesMHz":[700,800,900,1800,2100],"bandsJson":"[{\"frequencyMHz\":700,\"maxEirpDbm\":64.0,\"technology\":[\"4G\",\"5G\"]},{\"frequencyMHz\":800,\"maxEirpDbm\":59.0,\"technology\":[\"4G\",\"5G\"]},{\"frequencyMHz\":900,\"maxEirpDbm\":64.0,\"technology\":[\"4G\",\"5G\"]},{\"frequencyMHz\":1800,\"maxEirpDbm\":64.0,\"technology\":[\"4G\",\"5G\"]},{\"frequencyMHz\":2100,\"maxEirpDbm\":64.0,\"technology\":[\"4G\",\"5G\"]}]"},"geometry":{"type":"Point","coordinates":[-9.180108,54.051661]}},{"type":"Feature","id":"0-255","properties":{"network":"Eir","networkIndex":0,"technologies":["4G","5G"],"frequenciesMHz":[700,800,900],"bandsJson":"[{\"frequencyMHz\":700,\"maxEirpDbm\":64.0,\"technology\":[\"4G\",\"5G\"]},{\"frequencyMHz\":800,\"maxEirpDbm\":59.0,\"technology\":[\"4G\",\"5G\"]},{\"frequencyMHz\":900,\"maxEirpDbm\":64.0,\"technology\":[\"4G\",\"5G\"]}]"},"geometry":{"type":"Point","coordinates":[-9.180011,52.882775]}},{"type":"Feature","id":"0-256","properties":{"network":"Eir","networkIndex":0,"technologies":["4G","5G"],"frequenciesMHz":[700,800,900],"bandsJson":"[{\"frequencyMHz\":700,\"maxEirpDbm\":64.0,\"technology\":[\"4G\",\"5G\"]},{\"frequencyMHz\":800,\"maxEirpDbm\":59.0,\"technology\":[\"4G\",\"5G\"]},{\"frequencyMHz\":900,\"maxEirpDbm\":64.0,\"technology\":[\"4G\",\"5G\"]}]"},"geometry":{"type":"Point","coordinates":[-9.177021,52.351804]}},{"type":"Feature","id":"0-257","properties":{"network":"Eir","networkIndex":0,"technologies":["4G","5G"],"frequenciesMHz":[700,800,900],"bandsJson":"[{\"frequencyMHz\":700,\"maxEirpDbm\":64.0,\"technology\":[\"4G\",\"5G\"]},{\"frequencyMHz\":800,\"maxEirpDbm\":59.0,\"technology\":[\"4G\",\"5G\"]},{\"frequencyMHz\":900,\"maxEirpDbm\":64.0,\"technology\":[\"4G\",\"5G\"]}]"},"geometry":{"type":"Point","coordinates":[-9.176557,53.663886]}},{"type":"Feature","id":"0-258","properties":{"network":"Eir","networkIndex":0,"technologies":["4G","5G"],"frequenciesMHz":[700,800,900],"bandsJson":"[{\"frequencyMHz\":700,\"maxEirpDbm\":64.0,\"technology\":[\"4G\",\"5G\"]},{\"frequencyMHz\":800,\"maxEirpDbm\":59.0,\"technology\":[\"4G\",\"5G\"]},{\"frequencyMHz\":900,\"maxEirpDbm\":64.0,\"technology\":[\"4G\",\"5G\"]}]"},"geometry":{"type":"Point","coordinates":[-9.174937,53.742691]}},{"type":"Feature","id":"0-259","properties":{"network":"Eir","networkIndex":0,"technologies":["4G","5G"],"frequenciesMHz":[700,800,900],"bandsJson":"[{\"frequencyMHz\":700,\"maxEirpDbm\":64.0,\"technology\":[\"4G\",\"5G\"]},{\"frequencyMHz\":800,\"maxEirpDbm\":59.0,\"technology\":[\"4G\",\"5G\"]},{\"frequencyMHz\":900,\"maxEirpDbm\":64.0,\"technology\":[\"4G\",\"5G\"]}]"},"geometry":{"type":"Point","coordinates":[-9.171799,53.582284]}},{"type":"Feature","id":"0-260","properties":{"network":"Eir","networkIndex":0,"technologies":["4G","5G"],"frequenciesMHz":[700,800,900],"bandsJson":"[{\"frequencyMHz\":700,\"maxEirpDbm\":64.0,\"technology\":[\"4G\",\"5G\"]},{\"frequencyMHz\":800,\"maxEirpDbm\":59.0,\"technology\":[\"4G\",\"5G\"]},{\"frequencyMHz\":900,\"maxEirpDbm\":64.0,\"technology\":[\"4G\",\"5G\"]}]"},"geometry":{"type":"Point","coordinates":[-9.168955,53.541591]}},{"type":"Feature","id":"0-261","properties":{"network":"Eir","networkIndex":0,"technologies":["4G","5G"],"frequenciesMHz":[700,800,900,1800,2100],"bandsJson":"[{\"frequencyMHz\":700,\"maxEirpDbm\":64.0,\"technology\":[\"4G\",\"5G\"]},{\"frequencyMHz\":800,\"maxEirpDbm\":59.0,\"technology\":[\"4G\",\"5G\"]},{\"frequencyMHz\":900,\"maxEirpDbm\":64.0,\"technology\":[\"4G\",\"5G\"]},{\"frequencyMHz\":1800,\"maxEirpDbm\":64.0,\"technology\":[\"4G\",\"5G\"]},{\"frequencyMHz\":2100,\"maxEirpDbm\":64.0,\"technology\":[\"4G\",\"5G\"]}]"},"geometry":{"type":"Point","coordinates":[-9.16579,52.787247]}},{"type":"Feature","id":"0-262","properties":{"network":"Eir","networkIndex":0,"technologies":["4G","5G"],"frequenciesMHz":[700,800,900,1800,2100,2300],"bandsJson":"[{\"frequencyMHz\":700,\"maxEirpDbm\":64.0,\"technology\":[\"4G\",\"5G\"]},{\"frequencyMHz\":800,\"maxEirpDbm\":59.0,\"technology\":[\"4G\",\"5G\"]},{\"frequencyMHz\":900,\"maxEirpDbm\":64.0,\"technology\":[\"4G\",\"5G\"]},{\"frequencyMHz\":1800,\"maxEirpDbm\":64.0,\"technology\":[\"4G\",\"5G\"]},{\"frequencyMHz\":2100,\"maxEirpDbm\":64.0,\"technology\":[\"4G\",\"5G\"]},{\"frequencyMHz\":2300,\"maxEirpDbm\":68.0,\"technology\":[\"4G\",\"5G\"]}]"},"geometry":{"type":"Point","coordinates":[-9.165309,54.10936]}},{"type":"Feature","id":"0-263","properties":{"network":"Eir","networkIndex":0,"technologies":["4G","5G"],"frequenciesMHz":[700,800,900],"bandsJson":"[{\"frequencyMHz\":700,\"maxEirpDbm\":64.0,\"technology\":[\"4G\",\"5G\"]},{\"frequencyMHz\":800,\"maxEirpDbm\":59.0,\"technology\":[\"4G\",\"5G\"]},{\"frequencyMHz\":900,\"maxEirpDbm\":64.0,\"technology\":[\"4G\",\"5G\"]}]"},"geometry":{"type":"Point","coordinates":[-9.165043,53.278815]}},{"type":"Feature","id":"0-264","properties":{"network":"Eir","networkIndex":0,"technologies":["4G","5G"],"frequenciesMHz":[700,800,900,1800,2100,2300,3600],"bandsJson":"[{\"frequencyMHz\":700,\"maxEirpDbm\":64.0,\"technology\":[\"4G\",\"5G\"]},{\"frequencyMHz\":800,\"maxEirpDbm\":59.0,\"technology\":[\"4G\",\"5G\"]},{\"frequencyMHz\":900,\"maxEirpDbm\":64.0,\"technology\":[\"4G\",\"5G\"]},{\"frequencyMHz\":1800,\"maxEirpDbm\":64.0,\"technology\":[\"4G\",\"5G\"]},{\"frequencyMHz\":2100,\"maxEirpDbm\":64.0,\"technology\":[\"4G\",\"5G\"]},{\"frequencyMHz\":2300,\"maxEirpDbm\":68.0,\"technology\":[\"4G\",\"5G\"]},{\"frequencyMHz\":3600,\"maxEirpDbm\":64.0,\"technology\":[\"4G\",\"5G\"]}]"},"geometry":{"type":"Point","coordinates":[-9.159394,54.113855]}},{"type":"Feature","id":"0-265","properties":{"network":"Eir","networkIndex":0,"technologies":["4G","5G"],"frequenciesMHz":[700,800,900],"bandsJson":"[{\"frequencyMHz\":700,\"maxEirpDbm\":64.0,\"technology\":[\"4G\",\"5G\"]},{\"frequencyMHz\":800,\"maxEirpDbm\":59.0,\"technology\":[\"4G\",\"5G\"]},{\"frequencyMHz\":900,\"maxEirpDbm\":64.0,\"technology\":[\"4G\",\"5G\"]}]"},"geometry":{"type":"Point","coordinates":[-9.154954,51.533605]}},{"type":"Feature","id":"0-266","properties":{"network":"Eir","networkIndex":0,"technologies":["4G","5G"],"frequenciesMHz":[700,800,900,1800,2100],"bandsJson":"[{\"frequencyMHz\":700,\"maxEirpDbm\":64.0,\"technology\":[\"4G\",\"5G\"]},{\"frequencyMHz\":800,\"maxEirpDbm\":59.0,\"technology\":[\"4G\",\"5G\"]},{\"frequencyMHz\":900,\"maxEirpDbm\":64.0,\"technology\":[\"4G\",\"5G\"]},{\"frequencyMHz\":1800,\"maxEirpDbm\":64.0,\"technology\":[\"4G\",\"5G\"]},{\"frequencyMHz\":2100,\"maxEirpDbm\":64.0,\"technology\":[\"4G\",\"5G\"]}]"},"geometry":{"type":"Point","coordinates":[-9.153739,53.834722]}},{"type":"Feature","id":"0-267","properties":{"network":"Eir","networkIndex":0,"technologies":["4G","5G"],"frequenciesMHz":[700,800,900,1800,2100],"bandsJson":"[{\"frequencyMHz\":700,\"maxEirpDbm\":64.0,\"technology\":[\"4G\",\"5G\"]},{\"frequencyMHz\":800,\"maxEirpDbm\":59.0,\"technology\":[\"4G\",\"5G\"]},{\"frequencyMHz\":900,\"maxEirpDbm\":64.0,\"technology\":[\"4G\",\"5G\"]},{\"frequencyMHz\":1800,\"maxEirpDbm\":64.0,\"technology\":[\"4G\",\"5G\"]},{\"frequencyMHz\":2100,\"maxEirpDbm\":64.0,\"technology\":[\"4G\",\"5G\"]}]"},"geometry":{"type":"Point","coordinates":[-9.153161,53.251218]}},{"type":"Feature","id":"0-268","properties":{"network":"Eir","networkIndex":0,"technologies":["4G","5G"],"frequenciesMHz":[700,800,900],"bandsJson":"[{\"frequencyMHz\":700,\"maxEirpDbm\":64.0,\"technology\":[\"4G\",\"5G\"]},{\"frequencyMHz\":800,\"maxEirpDbm\":59.0,\"technology\":[\"4G\",\"5G\"]},{\"frequencyMHz\":900,\"maxEirpDbm\":64.0,\"technology\":[\"4G\",\"5G\"]}]"},"geometry":{"type":"Point","coordinates":[-9.152485,52.456815]}},{"type":"Feature","id":"0-269","properties":{"network":"Eir","networkIndex":0,"technologies":["4G","5G"],"frequenciesMHz":[700,800,900],"bandsJson":"[{\"frequencyMHz\":700,\"maxEirpDbm\":64.0,\"technology\":[\"4G\",\"5G\"]},{\"frequencyMHz\":800,\"maxEirpDbm\":59.0,\"technology\":[\"4G\",\"5G\"]},{\"frequencyMHz\":900,\"maxEirpDbm\":64.0,\"technology\":[\"4G\",\"5G\"]}]"},"geometry":{"type":"Point","coordinates":[-9.152406,51.574823]}},{"type":"Feature","id":"0-270","properties":{"network":"Eir","networkIndex":0,"technologies":["4G","5G"],"frequenciesMHz":[700,800,900],"bandsJson":"[{\"frequencyMHz\":700,\"maxEirpDbm\":64.0,\"technology\":[\"4G\",\"5G\"]},{\"frequencyMHz\":800,\"maxEirpDbm\":59.0,\"technology\":[\"4G\",\"5G\"]},{\"frequencyMHz\":900,\"maxEirpDbm\":64.0,\"technology\":[\"4G\",\"5G\"]}]"},"geometry":{"type":"Point","coordinates":[-9.151955,53.503236]}},{"type":"Feature","id":"0-271","properties":{"network":"Eir","networkIndex":0,"technologies":["4G","5G"],"frequenciesMHz":[700,800,900,1800,2100],"bandsJson":"[{\"frequencyMHz\":700,\"maxEirpDbm\":64.0,\"technology\":[\"4G\",\"5G\"]},{\"frequencyMHz\":800,\"maxEirpDbm\":59.0,\"technology\":[\"4G\",\"5G\"]},{\"frequencyMHz\":900,\"maxEirpDbm\":64.0,\"technology\":[\"4G\",\"5G\"]},{\"frequencyMHz\":1800,\"maxEirpDbm\":64.0,\"technology\":[\"4G\",\"5G\"]},{\"frequencyMHz\":2100,\"maxEirpDbm\":64.0,\"technology\":[\"4G\",\"5G\"]}]"},"geometry":{"type":"Point","coordinates":[-9.150891,51.688968]}},{"type":"Feature","id":"0-272","properties":{"network":"Eir","networkIndex":0,"technologies":["4G","5G"],"frequenciesMHz":[700,800,900,1800,2100,2300],"bandsJson":"[{\"frequencyMHz\":700,\"maxEirpDbm\":64.0,\"technology\":[\"4G\",\"5G\"]},{\"frequencyMHz\":800,\"maxEirpDbm\":59.0,\"technology\":[\"4G\",\"5G\"]},{\"frequencyMHz\":900,\"maxEirpDbm\":64.0,\"technology\":[\"4G\",\"5G\"]},{\"frequencyMHz\":1800,\"maxEirpDbm\":64.0,\"technology\":[\"4G\",\"5G\"]},{\"frequencyMHz\":2100,\"maxEirpDbm\":64.0,\"technology\":[\"4G\",\"5G\"]},{\"frequencyMHz\":2300,\"maxEirpDbm\":68.0,\"technology\":[\"4G\",\"5G\"]}]"},"geometry":{"type":"Point","coordinates":[-9.150764,54.013088]}},{"type":"Feature","id":"0-273","properties":{"network":"Eir","networkIndex":0,"technologies":["4G","5G"],"frequenciesMHz":[700,800,900],"bandsJson":"[{\"frequencyMHz\":700,\"maxEirpDbm\":64.0,\"technology\":[\"4G\",\"5G\"]},{\"frequencyMHz\":800,\"maxEirpDbm\":59.0,\"technology\":[\"4G\",\"5G\"]},{\"frequencyMHz\":900,\"maxEirpDbm\":64.0,\"technology\":[\"4G\",\"5G\"]}]"},"geometry":{"type":"Point","coordinates":[-9.14968,52.2176]}},{"type":"Feature","id":"0-274","properties":{"network":"Eir","networkIndex":0,"technologies":["4G","5G"],"frequenciesMHz":[700,800,900],"bandsJson":"[{\"frequencyMHz\":700,\"maxEirpDbm\":64.0,\"technology\":[\"4G\",\"5G\"]},{\"frequencyMHz\":800,\"maxEirpDbm\":59.0,\"technology\":[\"4G\",\"5G\"]},{\"frequencyMHz\":900,\"maxEirpDbm\":64.0,\"technology\":[\"4G\",\"5G\"]}]"},"geometry":{"type":"Point","coordinates":[-9.148789,51.556657]}},{"type":"Feature","id":"0-275","properties":{"network":"Eir","networkIndex":0,"technologies":["4G","5G"],"frequenciesMHz":[700,800,900],"bandsJson":"[{\"frequencyMHz\":700,\"maxEirpDbm\":64.0,\"technology\":[\"4G\",\"5G\"]},{\"frequencyMHz\":800,\"maxEirpDbm\":59.0,\"technology\":[\"4G\",\"5G\"]},{\"frequencyMHz\":900,\"maxEirpDbm\":64.0,\"technology\":[\"4G\",\"5G\"]}]"},"geometry":{"type":"Point","coordinates":[-9.148555,53.895078]}},{"type":"Feature","id":"0-276","properties":{"network":"Eir","networkIndex":0,"technologies":["4G","5G"],"frequenciesMHz":[700,800,900],"bandsJson":"[{\"frequencyMHz\":700,\"maxEirpDbm\":64.0,\"technology\":[\"4G\",\"5G\"]},{\"frequencyMHz\":800,\"maxEirpDbm\":59.0,\"technology\":[\"4G\",\"5G\"]},{\"frequencyMHz\":900,\"maxEirpDbm\":64.0,\"technology\":[\"4G\",\"5G\"]}]"},"geometry":{"type":"Point","coordinates":[-9.147262,53.116264]}},{"type":"Feature","id":"0-277","properties":{"network":"Eir","networkIndex":0,"technologies":["4G","5G"],"frequenciesMHz":[700,800,900,1800,2100],"bandsJson":"[{\"frequencyMHz\":700,\"maxEirpDbm\":64.0,\"technology\":[\"4G\",\"5G\"]},{\"frequencyMHz\":800,\"maxEirpDbm\":59.0,\"technology\":[\"4G\",\"5G\"]},{\"frequencyMHz\":900,\"maxEirpDbm\":64.0,\"technology\":[\"4G\",\"5G\"]},{\"frequencyMHz\":1800,\"maxEirpDbm\":64.0,\"technology\":[\"4G\",\"5G\"]},{\"frequencyMHz\":2100,\"maxEirpDbm\":64.0,\"technology\":[\"4G\",\"5G\"]}]"},"geometry":{"type":"Point","coordinates":[-9.146638,52.652296]}},{"type":"Feature","id":"0-278","properties":{"network":"Eir","networkIndex":0,"technologies":["4G","5G"],"frequenciesMHz":[700,800,900],"bandsJson":"[{\"frequencyMHz\":700,\"maxEirpDbm\":64.0,\"technology\":[\"4G\",\"5G\"]},{\"frequencyMHz\":800,\"maxEirpDbm\":59.0,\"technology\":[\"4G\",\"5G\"]},{\"frequencyMHz\":900,\"maxEirpDbm\":64.0,\"technology\":[\"4G\",\"5G\"]}]"},"geometry":{"type":"Point","coordinates":[-9.146252,51.651857]}},{"type":"Feature","id":"0-279","properties":{"network":"Eir","networkIndex":0,"technologies":["4G","5G"],"frequenciesMHz":[700,800,900,1800,2100],"bandsJson":"[{\"frequencyMHz\":700,\"maxEirpDbm\":64.0,\"technology\":[\"4G\",\"5G\"]},{\"frequencyMHz\":800,\"maxEirpDbm\":59.0,\"technology\":[\"4G\",\"5G\"]},{\"frequencyMHz\":900,\"maxEirpDbm\":64.0,\"technology\":[\"4G\",\"5G\"]},{\"frequencyMHz\":1800,\"maxEirpDbm\":64.0,\"technology\":[\"4G\",\"5G\"]},{\"frequencyMHz\":2100,\"maxEirpDbm\":64.0,\"technology\":[\"4G\",\"5G\"]}]"},"geometry":{"type":"Point","coordinates":[-9.143679,52.731972]}},{"type":"Feature","id":"0-280","properties":{"network":"Eir","networkIndex":0,"technologies":["4G","5G"],"frequenciesMHz":[700,800,900,1800,2100],"bandsJson":"[{\"frequencyMHz\":700,\"maxEirpDbm\":64.0,\"technology\":[\"4G\",\"5G\"]},{\"frequencyMHz\":800,\"maxEirpDbm\":59.0,\"technology\":[\"4G\",\"5G\"]},{\"frequencyMHz\":900,\"maxEirpDbm\":64.0,\"technology\":[\"4G\",\"5G\"]},{\"frequencyMHz\":1800,\"maxEirpDbm\":64.0,\"technology\":[\"4G\",\"5G\"]},{\"frequencyMHz\":2100,\"maxEirpDbm\":64.0,\"technology\":[\"4G\",\"5G\"]}]"},"geometry":{"type":"Point","coordinates":[-9.143648,51.982892]}},{"type":"Feature","id":"0-281","properties":{"network":"Eir","networkIndex":0,"technologies":["4G","5G"],"frequenciesMHz":[700,800,900,1800,2100,2300],"bandsJson":"[{\"frequencyMHz\":700,\"maxEirpDbm\":64.0,\"technology\":[\"4G\",\"5G\"]},{\"frequencyMHz\":800,\"maxEirpDbm\":59.0,\"technology\":[\"4G\",\"5G\"]},{\"frequencyMHz\":900,\"maxEirpDbm\":64.0,\"technology\":[\"4G\",\"5G\"]},{\"frequencyMHz\":1800,\"maxEirpDbm\":64.0,\"technology\":[\"4G\",\"5G\"]},{\"frequencyMHz\":2100,\"maxEirpDbm\":64.0,\"technology\":[\"4G\",\"5G\"]},{\"frequencyMHz\":2300,\"maxEirpDbm\":68.0,\"technology\":[\"4G\",\"5G\"]}]"},"geometry":{"type":"Point","coordinates":[-9.134892,54.111978]}},{"type":"Feature","id":"0-282","properties":{"network":"Eir","networkIndex":0,"technologies":["4G","5G"],"frequenciesMHz":[700,800,900,1800,2100],"bandsJson":"[{\"frequencyMHz\":700,\"maxEirpDbm\":64.0,\"technology\":[\"4G\",\"5G\"]},{\"frequencyMHz\":800,\"maxEirpDbm\":59.0,\"technology\":[\"4G\",\"5G\"]},{\"frequencyMHz\":900,\"maxEirpDbm\":64.0,\"technology\":[\"4G\",\"5G\"]},{\"frequencyMHz\":1800,\"maxEirpDbm\":64.0,\"technology\":[\"4G\",\"5G\"]},{\"frequencyMHz\":2100,\"maxEirpDbm\":64.0,\"technology\":[\"4G\",\"5G\"]}]"},"geometry":{"type":"Point","coordinates":[-9.132143,52.412752]}},{"type":"Feature","id":"0-283","properties":{"network":"Eir","networkIndex":0,"technologies":["4G","5G"],"frequenciesMHz":[700,800,900,1800,2100],"bandsJson":"[{\"frequencyMHz\":700,\"maxEirpDbm\":64.0,\"technology\":[\"4G\",\"5G\"]},{\"frequencyMHz\":800,\"maxEirpDbm\":59.0,\"technology\":[\"4G\",\"5G\"]},{\"frequencyMHz\":900,\"maxEirpDbm\":64.0,\"technology\":[\"4G\",\"5G\"]},{\"frequencyMHz\":1800,\"maxEirpDbm\":64.0,\"technology\":[\"4G\",\"5G\"]},{\"frequencyMHz\":2100,\"maxEirpDbm\":64.0,\"technology\":[\"4G\",\"5G\"]}]"},"geometry":{"type":"Point","coordinates":[-9.129261,53.305127]}},{"type":"Feature","id":"0-284","properties":{"network":"Eir","networkIndex":0,"technologies":["4G","5G"],"frequenciesMHz":[700,800,900,1800,2100],"bandsJson":"[{\"frequencyMHz\":700,\"maxEirpDbm\":64.0,\"technology\":[\"4G\",\"5G\"]},{\"frequencyMHz\":800,\"maxEirpDbm\":59.0,\"technology\":[\"4G\",\"5G\"]},{\"frequencyMHz\":900,\"maxEirpDbm\":64.0,\"technology\":[\"4G\",\"5G\"]},{\"frequencyMHz\":1800,\"maxEirpDbm\":64.0,\"technology\":[\"4G\",\"5G\"]},{\"frequencyMHz\":2100,\"maxEirpDbm\":64.0,\"technology\":[\"4G\",\"5G\"]}]"},"geometry":{"type":"Point","coordinates":[-9.129084,53.270552]}},{"type":"Feature","id":"0-285","properties":{"network":"Eir","networkIndex":0,"technologies":["4G","5G"],"frequenciesMHz":[700,800,900,1800,2100],"bandsJson":"[{\"frequencyMHz\":700,\"maxEirpDbm\":64.0,\"technology\":[\"4G\",\"5G\"]},{\"frequencyMHz\":800,\"maxEirpDbm\":59.0,\"technology\":[\"4G\",\"5G\"]},{\"frequencyMHz\":900,\"maxEirpDbm\":64.0,\"technology\":[\"4G\",\"5G\"]},{\"frequencyMHz\":1800,\"maxEirpDbm\":64.0,\"technology\":[\"4G\",\"5G\"]},{\"frequencyMHz\":2100,\"maxEirpDbm\":64.0,\"technology\":[\"4G\",\"5G\"]}]"},"geometry":{"type":"Point","coordinates":[-9.127094,53.58585]}},{"type":"Feature","id":"0-286","properties":{"network":"Eir","networkIndex":0,"technologies":["4G","5G"],"frequenciesMHz":[700,800,900,1800,2100],"bandsJson":"[{\"frequencyMHz\":700,\"maxEirpDbm\":64.0,\"technology\":[\"4G\",\"5G\"]},{\"frequencyMHz\":800,\"maxEirpDbm\":59.0,\"technology\":[\"4G\",\"5G\"]},{\"frequencyMHz\":900,\"maxEirpDbm\":64.0,\"technology\":[\"4G\",\"5G\"]},{\"frequencyMHz\":1800,\"maxEirpDbm\":64.0,\"technology\":[\"4G\",\"5G\"]},{\"frequencyMHz\":2100,\"maxEirpDbm\":64.0,\"technology\":[\"4G\",\"5G\"]}]"},"geometry":{"type":"Point","coordinates":[-9.126411,53.263524]}},{"type":"Feature","id":"0-287","properties":{"network":"Eir","networkIndex":0,"technologies":["4G","5G"],"frequenciesMHz":[700,800,900],"bandsJson":"[{\"frequencyMHz\":700,\"maxEirpDbm\":64.0,\"technology\":[\"4G\",\"5G\"]},{\"frequencyMHz\":800,\"maxEirpDbm\":59.0,\"technology\":[\"4G\",\"5G\"]},{\"frequencyMHz\":900,\"maxEirpDbm\":64.0,\"technology\":[\"4G\",\"5G\"]}]"},"geometry":{"type":"Point","coordinates":[-9.125534,53.510029]}},{"type":"Feature","id":"0-288","properties":{"network":"Eir","networkIndex":0,"technologies":["4G","5G"],"frequenciesMHz":[700,800,900],"bandsJson":"[{\"frequencyMHz\":700,\"maxEirpDbm\":64.0,\"technology\":[\"4G\",\"5G\"]},{\"frequencyMHz\":800,\"maxEirpDbm\":59.0,\"technology\":[\"4G\",\"5G\"]},{\"frequencyMHz\":900,\"maxEirpDbm\":64.0,\"technology\":[\"4G\",\"5G\"]}]"},"geometry":{"type":"Point","coordinates":[-9.122323,51.854557]}},{"type":"Feature","id":"0-289","properties":{"network":"Eir","networkIndex":0,"technologies":["4G","5G"],"frequenciesMHz":[700,800,900],"bandsJson":"[{\"frequencyMHz\":700,\"maxEirpDbm\":64.0,\"technology\":[\"4G\",\"5G\"]},{\"frequencyMHz\":800,\"maxEirpDbm\":59.0,\"technology\":[\"4G\",\"5G\"]},{\"frequencyMHz\":900,\"maxEirpDbm\":64.0,\"technology\":[\"4G\",\"5G\"]}]"},"geometry":{"type":"Point","coordinates":[-9.121729,52.113402]}},{"type":"Feature","id":"0-290","properties":{"network":"Eir","networkIndex":0,"technologies":["4G","5G"],"frequenciesMHz":[700,800,900,1800,2100],"bandsJson":"[{\"frequencyMHz\":700,\"maxEirpDbm\":64.0,\"technology\":[\"4G\",\"5G\"]},{\"frequencyMHz\":800,\"maxEirpDbm\":59.0,\"technology\":[\"4G\",\"5G\"]},{\"frequencyMHz\":900,\"maxEirpDbm\":64.0,\"technology\":[\"4G\",\"5G\"]},{\"frequencyMHz\":1800,\"maxEirpDbm\":64.0,\"technology\":[\"4G\",\"5G\"]},{\"frequencyMHz\":2100,\"maxEirpDbm\":64.0,\"technology\":[\"4G\",\"5G\"]}]"},"geometry":{"type":"Point","coordinates":[-9.11615,51.726935]}},{"type":"Feature","id":"0-291","properties":{"network":"Eir","networkIndex":0,"technologies":["4G","5G"],"frequenciesMHz":[700,800,900],"bandsJson":"[{\"frequencyMHz\":700,\"maxEirpDbm\":64.0,\"technology\":[\"4G\",\"5G\"]},{\"frequencyMHz\":800,\"maxEirpDbm\":59.0,\"technology\":[\"4G\",\"5G\"]},{\"frequencyMHz\":900,\"maxEirpDbm\":64.0,\"technology\":[\"4G\",\"5G\"]}]"},"geometry":{"type":"Point","coordinates":[-9.115724,52.82796]}},{"type":"Feature","id":"0-292","properties":{"network":"Eir","networkIndex":0,"technologies":["4G","5G"],"frequenciesMHz":[700,800,900,1800,2100],"bandsJson":"[{\"frequencyMHz\":700,\"maxEirpDbm\":64.0,\"technology\":[\"4G\",\"5G\"]},{\"frequencyMHz\":800,\"maxEirpDbm\":59.0,\"technology\":[\"4G\",\"5G\"]},{\"frequencyMHz\":900,\"maxEirpDbm\":64.0,\"technology\":[\"4G\",\"5G\"]},{\"frequencyMHz\":1800,\"maxEirpDbm\":64.0,\"technology\":[\"4G\",\"5G\"]},{\"frequencyMHz\":2100,\"maxEirpDbm\":64.0,\"technology\":[\"4G\",\"5G\"]}]"},"geometry":{"type":"Point","coordinates":[-9.114256,53.469665]}},{"type":"Feature","id":"0-293","properties":{"network":"Eir","networkIndex":0,"technologies":["4G","5G"],"frequenciesMHz":[700,800,900,1800,2100],"bandsJson":"[{\"frequencyMHz\":700,\"maxEirpDbm\":64.0,\"technology\":[\"4G\",\"5G\"]},{\"frequencyMHz\":800,\"maxEirpDbm\":59.0,\"technology\":[\"4G\",\"5G\"]},{\"frequencyMHz\":900,\"maxEirpDbm\":64.0,\"technology\":[\"4G\",\"5G\"]},{\"frequencyMHz\":1800,\"maxEirpDbm\":64.0,\"technology\":[\"4G\",\"5G\"]},{\"frequencyMHz\":2100,\"maxEirpDbm\":64.0,\"technology\":[\"4G\",\"5G\"]}]"},"geometry":{"type":"Point","coordinates":[-9.112445,53.291888]}},{"type":"Feature","id":"0-294","properties":{"network":"Eir","networkIndex":0,"technologies":["4G","5G"],"frequenciesMHz":[700,800,900],"bandsJson":"[{\"frequencyMHz\":700,\"maxEirpDbm\":64.0,\"technology\":[\"4G\",\"5G\"]},{\"frequencyMHz\":800,\"maxEirpDbm\":59.0,\"technology\":[\"4G\",\"5G\"]},{\"frequencyMHz\":900,\"maxEirpDbm\":64.0,\"technology\":[\"4G\",\"5G\"]}]"},"geometry":{"type":"Point","coordinates":[-9.1124,53.984509]}},{"type":"Feature","id":"0-295","properties":{"network":"Eir","networkIndex":0,"technologies":["4G"],"frequenciesMHz":[700,900],"bandsJson":"[{\"frequencyMHz\":700,\"maxEirpDbm\":64.0,\"technology\":[\"4G\"]},{\"frequencyMHz\":900,\"maxEirpDbm\":64.0,\"technology\":[\"4G\"]}]"},"geometry":{"type":"Point","coordinates":[-9.110798,52.603005]}},{"type":"Feature","id":"0-296","properties":{"network":"Eir","networkIndex":0,"technologies":["4G","5G"],"frequenciesMHz":[700,800,900],"bandsJson":"[{\"frequencyMHz\":700,\"maxEirpDbm\":64.0,\"technology\":[\"4G\",\"5G\"]},{\"frequencyMHz\":800,\"maxEirpDbm\":59.0,\"technology\":[\"4G\",\"5G\"]},{\"frequencyMHz\":900,\"maxEirpDbm\":64.0,\"technology\":[\"4G\",\"5G\"]}]"},"geometry":{"type":"Point","coordinates":[-9.109527,51.716509]}},{"type":"Feature","id":"0-297","properties":{"network":"Eir","networkIndex":0,"technologies":["4G","5G"],"frequenciesMHz":[700,800,900,1800,2100,3600],"bandsJson":"[{\"frequencyMHz\":700,\"maxEirpDbm\":64.0,\"technology\":[\"4G\",\"5G\"]},{\"frequencyMHz\":800,\"maxEirpDbm\":59.0,\"technology\":[\"4G\",\"5G\"]},{\"frequencyMHz\":900,\"maxEirpDbm\":64.0,\"technology\":[\"4G\",\"5G\"]},{\"frequencyMHz\":1800,\"maxEirpDbm\":64.0,\"technology\":[\"4G\",\"5G\"]},{\"frequencyMHz\":2100,\"maxEirpDbm\":64.0,\"technology\":[\"4G\",\"5G\"]},{\"frequencyMHz\":3600,\"maxEirpDbm\":64.0,\"technology\":[\"4G\",\"5G\"]}]"},"geometry":{"type":"Point","coordinates":[-9.108505,53.269415]}},{"type":"Feature","id":"0-298","properties":{"network":"Eir","networkIndex":0,"technologies":["4G","5G"],"frequenciesMHz":[700,800,900,1800,2100],"bandsJson":"[{\"frequencyMHz\":700,\"maxEirpDbm\":64.0,\"technology\":[\"4G\",\"5G\"]},{\"frequencyMHz\":800,\"maxEirpDbm\":59.0,\"technology\":[\"4G\",\"5G\"]},{\"frequencyMHz\":900,\"maxEirpDbm\":64.0,\"technology\":[\"4G\",\"5G\"]},{\"frequencyMHz\":1800,\"maxEirpDbm\":64.0,\"technology\":[\"4G\",\"5G\"]},{\"frequencyMHz\":2100,\"maxEirpDbm\":64.0,\"technology\":[\"4G\",\"5G\"]}]"},"geometry":{"type":"Point","coordinates":[-9.108076,53.820256]}},{"type":"Feature","id":"0-299","properties":{"network":"Eir","networkIndex":0,"technologies":["4G","5G"],"frequenciesMHz":[700,900,1800,2100],"bandsJson":"[{\"frequencyMHz\":700,\"maxEirpDbm\":64.0,\"technology\":[\"4G\",\"5G\"]},{\"frequencyMHz\":900,\"maxEirpDbm\":64.0,\"technology\":[\"4G\",\"5G\"]},{\"frequencyMHz\":1800,\"maxEirpDbm\":64.0,\"technology\":[\"4G\",\"5G\"]},{\"frequencyMHz\":2100,\"maxEirpDbm\":64.0,\"technology\":[\"4G\",\"5G\"]}]"},"geometry":{"type":"Point","coordinates":[-9.106469,51.931874]}},{"type":"Feature","id":"0-300","properties":{"network":"Eir","networkIndex":0,"technologies":["4G","5G"],"frequenciesMHz":[700,800,900],"bandsJson":"[{\"frequencyMHz\":700,\"maxEirpDbm\":64.0,\"technology\":[\"4G\",\"5G\"]},{\"frequencyMHz\":800,\"maxEirpDbm\":59.0,\"technology\":[\"4G\",\"5G\"]},{\"frequencyMHz\":900,\"maxEirpDbm\":64.0,\"technology\":[\"4G\",\"5G\"]}]"},"geometry":{"type":"Point","coordinates":[-9.105692,52.674531]}},{"type":"Feature","id":"0-301","properties":{"network":"Eir","networkIndex":0,"technologies":["4G","5G"],"frequenciesMHz":[700,800,900],"bandsJson":"[{\"frequencyMHz\":700,\"maxEirpDbm\":64.0,\"technology\":[\"4G\",\"5G\"]},{\"frequencyMHz\":800,\"maxEirpDbm\":59.0,\"technology\":[\"4G\",\"5G\"]},{\"frequencyMHz\":900,\"maxEirpDbm\":64.0,\"technology\":[\"4G\",\"5G\"]}]"},"geometry":{"type":"Point","coordinates":[-9.103499,52.609768]}},{"type":"Feature","id":"0-302","properties":{"network":"Eir","networkIndex":0,"technologies":["4G","5G"],"frequenciesMHz":[700,800,900,1800,2100],"bandsJson":"[{\"frequencyMHz\":700,\"maxEirpDbm\":64.0,\"technology\":[\"4G\",\"5G\"]},{\"frequencyMHz\":800,\"maxEirpDbm\":59.0,\"technology\":[\"4G\",\"5G\"]},{\"frequencyMHz\":900,\"maxEirpDbm\":64.0,\"technology\":[\"4G\",\"5G\"]},{\"frequencyMHz\":1800,\"maxEirpDbm\":64.0,\"technology\":[\"4G\",\"5G\"]},{\"frequencyMHz\":2100,\"maxEirpDbm\":64.0,\"technology\":[\"4G\",\"5G\"]}]"},"geometry":{"type":"Point","coordinates":[-9.102411,53.263272]}},{"type":"Feature","id":"0-303","properties":{"network":"Eir","networkIndex":0,"technologies":["4G","5G"],"frequenciesMHz":[700,800,900,1800,2100],"bandsJson":"[{\"frequencyMHz\":700,\"maxEirpDbm\":64.0,\"technology\":[\"4G\",\"5G\"]},{\"frequencyMHz\":800,\"maxEirpDbm\":59.0,\"technology\":[\"4G\",\"5G\"]},{\"frequencyMHz\":900,\"maxEirpDbm\":64.0,\"technology\":[\"4G\",\"5G\"]},{\"frequencyMHz\":1800,\"maxEirpDbm\":64.0,\"technology\":[\"4G\",\"5G\"]},{\"frequencyMHz\":2100,\"maxEirpDbm\":64.0,\"technology\":[\"4G\",\"5G\"]}]"},"geometry":{"type":"Point","coordinates":[-9.101719,53.258489]}},{"type":"Feature","id":"0-304","properties":{"network":"Eir","networkIndex":0,"technologies":["4G","5G"],"frequenciesMHz":[700,800,900,1800,2100],"bandsJson":"[{\"frequencyMHz\":700,\"maxEirpDbm\":64.0,\"technology\":[\"4G\",\"5G\"]},{\"frequencyMHz\":800,\"maxEirpDbm\":59.0,\"technology\":[\"4G\",\"5G\"]},{\"frequencyMHz\":900,\"maxEirpDbm\":64.0,\"technology\":[\"4G\",\"5G\"]},{\"frequencyMHz\":1800,\"maxEirpDbm\":64.0,\"technology\":[\"4G\",\"5G\"]},{\"frequencyMHz\":2100,\"maxEirpDbm\":64.0,\"technology\":[\"4G\",\"5G\"]}]"},"geometry":{"type":"Point","coordinates":[-9.099853,53.272218]}},{"type":"Feature","id":"0-305","properties":{"network":"Eir","networkIndex":0,"technologies":["4G","5G"],"frequenciesMHz":[700,800,900],"bandsJson":"[{\"frequencyMHz\":700,\"maxEirpDbm\":64.0,\"technology\":[\"4G\",\"5G\"]},{\"frequencyMHz\":800,\"maxEirpDbm\":59.0,\"technology\":[\"4G\",\"5G\"]},{\"frequencyMHz\":900,\"maxEirpDbm\":64.0,\"technology\":[\"4G\",\"5G\"]}]"},"geometry":{"type":"Point","coordinates":[-9.098792,53.151775]}},{"type":"Feature","id":"0-306","properties":{"network":"Eir","networkIndex":0,"technologies":["4G","5G"],"frequenciesMHz":[700,800,900,1800,2100],"bandsJson":"[{\"frequencyMHz\":700,\"maxEirpDbm\":64.0,\"technology\":[\"4G\",\"5G\"]},{\"frequencyMHz\":800,\"maxEirpDbm\":59.0,\"technology\":[\"4G\",\"5G\"]},{\"frequencyMHz\":900,\"maxEirpDbm\":64.0,\"technology\":[\"4G\",\"5G\"]},{\"frequencyMHz\":1800,\"maxEirpDbm\":64.0,\"technology\":[\"4G\",\"5G\"]},{\"frequencyMHz\":2100,\"maxEirpDbm\":64.0,\"technology\":[\"4G\",\"5G\"]}]"},"geometry":{"type":"Point","coordinates":[-9.097401,52.525198]}},{"type":"Feature","id":"0-307","properties":{"network":"Eir","networkIndex":0,"technologies":["4G","5G"],"frequenciesMHz":[700,800,900,1800,2100],"bandsJson":"[{\"frequencyMHz\":700,\"maxEirpDbm\":64.0,\"technology\":[\"4G\",\"5G\"]},{\"frequencyMHz\":800,\"maxEirpDbm\":59.0,\"technology\":[\"4G\",\"5G\"]},{\"frequencyMHz\":900,\"maxEirpDbm\":64.0,\"technology\":[\"4G\",\"5G\"]},{\"frequencyMHz\":1800,\"maxEirpDbm\":64.0,\"technology\":[\"4G\",\"5G\"]},{\"frequencyMHz\":2100,\"maxEirpDbm\":64.0,\"technology\":[\"4G\",\"5G\"]}]"},"geometry":{"type":"Point","coordinates":[-9.094681,52.773412]}},{"type":"Feature","id":"0-308","properties":{"network":"Eir","networkIndex":0,"technologies":["4G","5G"],"frequenciesMHz":[700,800,900],"bandsJson":"[{\"frequencyMHz\":700,\"maxEirpDbm\":64.0,\"technology\":[\"4G\",\"5G\"]},{\"frequencyMHz\":800,\"maxEirpDbm\":59.0,\"technology\":[\"4G\",\"5G\"]},{\"frequencyMHz\":900,\"maxEirpDbm\":64.0,\"technology\":[\"4G\",\"5G\"]}]"},"geometry":{"type":"Point","coordinates":[-9.094358,53.527984]}},{"type":"Feature","id":"0-309","properties":{"network":"Eir","networkIndex":0,"technologies":["4G","5G"],"frequenciesMHz":[700,800,900],"bandsJson":"[{\"frequencyMHz\":700,\"maxEirpDbm\":64.0,\"technology\":[\"4G\",\"5G\"]},{\"frequencyMHz\":800,\"maxEirpDbm\":59.0,\"technology\":[\"4G\",\"5G\"]},{\"frequencyMHz\":900,\"maxEirpDbm\":64.0,\"technology\":[\"4G\",\"5G\"]}]"},"geometry":{"type":"Point","coordinates":[-9.093201,52.278988]}},{"type":"Feature","id":"0-310","properties":{"network":"Eir","networkIndex":0,"technologies":["4G","5G"],"frequenciesMHz":[700,800,900,1800,2100],"bandsJson":"[{\"frequencyMHz\":700,\"maxEirpDbm\":64.0,\"technology\":[\"4G\",\"5G\"]},{\"frequencyMHz\":800,\"maxEirpDbm\":59.0,\"technology\":[\"4G\",\"5G\"]},{\"frequencyMHz\":900,\"maxEirpDbm\":64.0,\"technology\":[\"4G\",\"5G\"]},{\"frequencyMHz\":1800,\"maxEirpDbm\":64.0,\"technology\":[\"4G\",\"5G\"]},{\"frequencyMHz\":2100,\"maxEirpDbm\":64.0,\"technology\":[\"4G\",\"5G\"]}]"},"geometry":{"type":"Point","coordinates":[-9.091836,53.270522]}},{"type":"Feature","id":"0-311","properties":{"network":"Eir","networkIndex":0,"technologies":["4G","5G"],"frequenciesMHz":[700,800,900],"bandsJson":"[{\"frequencyMHz\":700,\"maxEirpDbm\":64.0,\"technology\":[\"4G\",\"5G\"]},{\"frequencyMHz\":800,\"maxEirpDbm\":59.0,\"technology\":[\"4G\",\"5G\"]},{\"frequencyMHz\":900,\"maxEirpDbm\":64.0,\"technology\":[\"4G\",\"5G\"]}]"},"geometry":{"type":"Point","coordinates":[-9.090504,54.212805]}},{"type":"Feature","id":"0-312","properties":{"network":"Eir","networkIndex":0,"technologies":["4G","5G"],"frequenciesMHz":[700,800,900],"bandsJson":"[{\"frequencyMHz\":700,\"maxEirpDbm\":64.0,\"technology\":[\"4G\",\"5G\"]},{\"frequencyMHz\":800,\"maxEirpDbm\":59.0,\"technology\":[\"4G\",\"5G\"]},{\"frequencyMHz\":900,\"maxEirpDbm\":64.0,\"technology\":[\"4G\",\"5G\"]}]"},"geometry":{"type":"Point","coordinates":[-9.086086,53.448027]}},{"type":"Feature","id":"0-313","properties":{"network":"Eir","networkIndex":0,"technologies":["4G","5G"],"frequenciesMHz":[700,800,900,1800,2100,3600],"bandsJson":"[{\"frequencyMHz\":700,\"maxEirpDbm\":64.0,\"technology\":[\"4G\",\"5G\"]},{\"frequencyMHz\":800,\"maxEirpDbm\":59.0,\"technology\":[\"4G\",\"5G\"]},{\"frequencyMHz\":900,\"maxEirpDbm\":64.0,\"technology\":[\"4G\",\"5G\"]},{\"frequencyMHz\":1800,\"maxEirpDbm\":64.0,\"technology\":[\"4G\",\"5G\"]},{\"frequencyMHz\":2100,\"maxEirpDbm\":64.0,\"technology\":[\"4G\",\"5G\"]},{\"frequencyMHz\":3600,\"maxEirpDbm\":64.0,\"technology\":[\"4G\",\"5G\"]}]"},"geometry":{"type":"Point","coordinates":[-9.085939,53.263189]}},{"type":"Feature","id":"0-314","properties":{"network":"Eir","networkIndex":0,"technologies":["4G","5G"],"frequenciesMHz":[700,800,900,1800,2100],"bandsJson":"[{\"frequencyMHz\":700,\"maxEirpDbm\":64.0,\"technology\":[\"4G\",\"5G\"]},{\"frequencyMHz\":800,\"maxEirpDbm\":59.0,\"technology\":[\"4G\",\"5G\"]},{\"frequencyMHz\":900,\"maxEirpDbm\":64.0,\"technology\":[\"4G\",\"5G\"]},{\"frequencyMHz\":1800,\"maxEirpDbm\":64.0,\"technology\":[\"4G\",\"5G\"]},{\"frequencyMHz\":2100,\"maxEirpDbm\":64.0,\"technology\":[\"4G\",\"5G\"]}]"},"geometry":{"type":"Point","coordinates":[-9.084942,53.258732]}},{"type":"Feature","id":"0-315","properties":{"network":"Eir","networkIndex":0,"technologies":["4G","5G"],"frequenciesMHz":[700,800,900,1800,2100],"bandsJson":"[{\"frequencyMHz\":700,\"maxEirpDbm\":64.0,\"technology\":[\"4G\",\"5G\"]},{\"frequencyMHz\":800,\"maxEirpDbm\":59.0,\"technology\":[\"4G\",\"5G\"]},{\"frequencyMHz\":900,\"maxEirpDbm\":64.0,\"technology\":[\"4G\",\"5G\"]},{\"frequencyMHz\":1800,\"maxEirpDbm\":64.0,\"technology\":[\"4G\",\"5G\"]},{\"frequencyMHz\":2100,\"maxEirpDbm\":64.0,\"technology\":[\"4G\",\"5G\"]}]"},"geometry":{"type":"Point","coordinates":[-9.083107,53.279811]}},{"type":"Feature","id":"0-316","properties":{"network":"Eir","networkIndex":0,"technologies":["4G","5G"],"frequenciesMHz":[700,800,900,1800,2100],"bandsJson":"[{\"frequencyMHz\":700,\"maxEirpDbm\":64.0,\"technology\":[\"4G\",\"5G\"]},{\"frequencyMHz\":800,\"maxEirpDbm\":59.0,\"technology\":[\"4G\",\"5G\"]},{\"frequencyMHz\":900,\"maxEirpDbm\":64.0,\"technology\":[\"4G\",\"5G\"]},{\"frequencyMHz\":1800,\"maxEirpDbm\":64.0,\"technology\":[\"4G\",\"5G\"]},{\"frequencyMHz\":2100,\"maxEirpDbm\":64.0,\"technology\":[\"4G\",\"5G\"]}]"},"geometry":{"type":"Point","coordinates":[-9.082674,52.891403]}},{"type":"Feature","id":"0-317","properties":{"network":"Eir","networkIndex":0,"technologies":["4G","5G"],"frequenciesMHz":[700,800,900,1800,2100,3600],"bandsJson":"[{\"frequencyMHz\":700,\"maxEirpDbm\":64.0,\"technology\":[\"4G\",\"5G\"]},{\"frequencyMHz\":800,\"maxEirpDbm\":59.0,\"technology\":[\"4G\",\"5G\"]},{\"frequencyMHz\":900,\"maxEirpDbm\":64.0,\"technology\":[\"4G\",\"5G\"]},{\"frequencyMHz\":1800,\"maxEirpDbm\":64.0,\"technology\":[\"4G\",\"5G\"]},{\"frequencyMHz\":2100,\"maxEirpDbm\":64.0,\"technology\":[\"4G\",\"5G\"]},{\"frequencyMHz\":3600,\"maxEirpDbm\":64.0,\"technology\":[\"4G\",\"5G\"]}]"},"geometry":{"type":"Point","coordinates":[-9.081373,53.267544]}},{"type":"Feature","id":"0-318","properties":{"network":"Eir","networkIndex":0,"technologies":["4G"],"frequenciesMHz":[700,800,900],"bandsJson":"[{\"frequencyMHz\":700,\"maxEirpDbm\":64.0,\"technology\":[\"4G\"]},{\"frequencyMHz\":800,\"maxEirpDbm\":59.0,\"technology\":[\"4G\"]},{\"frequencyMHz\":900,\"maxEirpDbm\":64.0,\"technology\":[\"4G\"]}]"},"geometry":{"type":"Point","coordinates":[-9.080567,53.033599]}},{"type":"Feature","id":"0-319","properties":{"network":"Eir","networkIndex":0,"technologies":["4G","5G"],"frequenciesMHz":[700,800,900,1800,2100],"bandsJson":"[{\"frequencyMHz\":700,\"maxEirpDbm\":64.0,\"technology\":[\"4G\",\"5G\"]},{\"frequencyMHz\":800,\"maxEirpDbm\":59.0,\"technology\":[\"4G\",\"5G\"]},{\"frequencyMHz\":900,\"maxEirpDbm\":64.0,\"technology\":[\"4G\",\"5G\"]},{\"frequencyMHz\":1800,\"maxEirpDbm\":64.0,\"technology\":[\"4G\",\"5G\"]},{\"frequencyMHz\":2100,\"maxEirpDbm\":64.0,\"technology\":[\"4G\",\"5G\"]}]"},"geometry":{"type":"Point","coordinates":[-9.08036,53.290969]}},{"type":"Feature","id":"0-320","properties":{"network":"Eir","networkIndex":0,"technologies":["4G","5G"],"frequenciesMHz":[700,800,900],"bandsJson":"[{\"frequencyMHz\":700,\"maxEirpDbm\":64.0,\"technology\":[\"4G\",\"5G\"]},{\"frequencyMHz\":800,\"maxEirpDbm\":59.0,\"technology\":[\"4G\",\"5G\"]},{\"frequencyMHz\":900,\"maxEirpDbm\":64.0,\"technology\":[\"4G\",\"5G\"]}]"},"geometry":{"type":"Point","coordinates":[-9.079764,54.152447]}},{"type":"Feature","id":"0-321","properties":{"network":"Eir","networkIndex":0,"technologies":["4G","5G"],"frequenciesMHz":[700,800,900,1800,2100,2300],"bandsJson":"[{\"frequencyMHz\":700,\"maxEirpDbm\":64.0,\"technology\":[\"4G\",\"5G\"]},{\"frequencyMHz\":800,\"maxEirpDbm\":59.0,\"technology\":[\"4G\",\"5G\"]},{\"frequencyMHz\":900,\"maxEirpDbm\":64.0,\"technology\":[\"4G\",\"5G\"]},{\"frequencyMHz\":1800,\"maxEirpDbm\":64.0,\"technology\":[\"4G\",\"5G\"]},{\"frequencyMHz\":2100,\"maxEirpDbm\":64.0,\"technology\":[\"4G\",\"5G\"]},{\"frequencyMHz\":2300,\"maxEirpDbm\":68.0,\"technology\":[\"4G\",\"5G\"]}]"},"geometry":{"type":"Point","coordinates":[-9.078949,53.274242]}},{"type":"Feature","id":"0-322","properties":{"network":"Eir","networkIndex":0,"technologies":["4G","5G"],"frequenciesMHz":[700,800,900],"bandsJson":"[{\"frequencyMHz\":700,\"maxEirpDbm\":64.0,\"technology\":[\"4G\",\"5G\"]},{\"frequencyMHz\":800,\"maxEirpDbm\":59.0,\"technology\":[\"4G\",\"5G\"]},{\"frequencyMHz\":900,\"maxEirpDbm\":64.0,\"technology\":[\"4G\",\"5G\"]}]"},"geometry":{"type":"Point","coordinates":[-9.078753,52.373673]}},{"type":"Feature","id":"0-323","properties":{"network":"Eir","networkIndex":0,"technologies":["4G","5G"],"frequenciesMHz":[700,800,900,1800,2100,3600],"bandsJson":"[{\"frequencyMHz\":700,\"maxEirpDbm\":64.0,\"technology\":[\"4G\",\"5G\"]},{\"frequencyMHz\":800,\"maxEirpDbm\":59.0,\"technology\":[\"4G\",\"5G\"]},{\"frequencyMHz\":900,\"maxEirpDbm\":64.0,\"technology\":[\"4G\",\"5G\"]},{\"frequencyMHz\":1800,\"maxEirpDbm\":64.0,\"technology\":[\"4G\",\"5G\"]},{\"frequencyMHz\":2100,\"maxEirpDbm\":64.0,\"technology\":[\"4G\",\"5G\"]},{\"frequencyMHz\":3600,\"maxEirpDbm\":64.0,\"technology\":[\"4G\",\"5G\"]}]"},"geometry":{"type":"Point","coordinates":[-9.078525,53.259168]}},{"type":"Feature","id":"0-324","properties":{"network":"Eir","networkIndex":0,"technologies":["4G","5G"],"frequenciesMHz":[700,800,900],"bandsJson":"[{\"frequencyMHz\":700,\"maxEirpDbm\":64.0,\"technology\":[\"4G\",\"5G\"]},{\"frequencyMHz\":800,\"maxEirpDbm\":59.0,\"technology\":[\"4G\",\"5G\"]},{\"frequencyMHz\":900,\"maxEirpDbm\":64.0,\"technology\":[\"4G\",\"5G\"]}]"},"geometry":{"type":"Point","coordinates":[-9.075264,54.051943]}},{"type":"Feature","id":"0-325","properties":{"network":"Eir","networkIndex":0,"technologies":["4G","5G"],"frequenciesMHz":[700,800,900,1800,2100,3600],"bandsJson":"[{\"frequencyMHz\":700,\"maxEirpDbm\":64.0,\"technology\":[\"4G\",\"5G\"]},{\"frequencyMHz\":800,\"maxEirpDbm\":59.0,\"technology\":[\"4G\",\"5G\"]},{\"frequencyMHz\":900,\"maxEirpDbm\":64.0,\"technology\":[\"4G\",\"5G\"]},{\"frequencyMHz\":1800,\"maxEirpDbm\":64.0,\"technology\":[\"4G\",\"5G\"]},{\"frequencyMHz\":2100,\"maxEirpDbm\":64.0,\"technology\":[\"4G\",\"5G\"]},{\"frequencyMHz\":3600,\"maxEirpDbm\":64.0,\"technology\":[\"4G\",\"5G\"]}]"},"geometry":{"type":"Point","coordinates":[-9.074561,53.289359]}},{"type":"Feature","id":"0-326","properties":{"network":"Eir","networkIndex":0,"technologies":["4G","5G"],"frequenciesMHz":[700,800,900,1800,2100],"bandsJson":"[{\"frequencyMHz\":700,\"maxEirpDbm\":64.0,\"technology\":[\"4G\",\"5G\"]},{\"frequencyMHz\":800,\"maxEirpDbm\":59.0,\"technology\":[\"4G\",\"5G\"]},{\"frequencyMHz\":900,\"maxEirpDbm\":64.0,\"technology\":[\"4G\",\"5G\"]},{\"frequencyMHz\":1800,\"maxEirpDbm\":64.0,\"technology\":[\"4G\",\"5G\"]},{\"frequencyMHz\":2100,\"maxEirpDbm\":64.0,\"technology\":[\"4G\",\"5G\"]}]"},"geometry":{"type":"Point","coordinates":[-9.073032,53.264232]}},{"type":"Feature","id":"0-327","properties":{"network":"Eir","networkIndex":0,"technologies":["4G","5G"],"frequenciesMHz":[700,800,900,1800,2100],"bandsJson":"[{\"frequencyMHz\":700,\"maxEirpDbm\":64.0,\"technology\":[\"4G\",\"5G\"]},{\"frequencyMHz\":800,\"maxEirpDbm\":59.0,\"technology\":[\"4G\",\"5G\"]},{\"frequencyMHz\":900,\"maxEirpDbm\":64.0,\"technology\":[\"4G\",\"5G\"]},{\"frequencyMHz\":1800,\"maxEirpDbm\":64.0,\"technology\":[\"4G\",\"5G\"]},{\"frequencyMHz\":2100,\"maxEirpDbm\":64.0,\"technology\":[\"4G\",\"5G\"]}]"},"geometry":{"type":"Point","coordinates":[-9.070007,53.87265]}},{"type":"Feature","id":"0-328","properties":{"network":"Eir","networkIndex":0,"technologies":["4G","5G"],"frequenciesMHz":[700,800,900],"bandsJson":"[{\"frequencyMHz\":700,\"maxEirpDbm\":64.0,\"technology\":[\"4G\",\"5G\"]},{\"frequencyMHz\":800,\"maxEirpDbm\":59.0,\"technology\":[\"4G\",\"5G\"]},{\"frequencyMHz\":900,\"maxEirpDbm\":64.0,\"technology\":[\"4G\",\"5G\"]}]"},"geometry":{"type":"Point","coordinates":[-9.068703,52.158291]}},{"type":"Feature","id":"0-329","properties":{"network":"Eir","networkIndex":0,"technologies":["4G","5G"],"frequenciesMHz":[700,800,900,1800,2100,2300],"bandsJson":"[{\"frequencyMHz\":700,\"maxEirpDbm\":64.0,\"technology\":[\"4G\",\"5G\"]},{\"frequencyMHz\":800,\"maxEirpDbm\":59.0,\"technology\":[\"4G\",\"5G\"]},{\"frequencyMHz\":900,\"maxEirpDbm\":64.0,\"technology\":[\"4G\",\"5G\"]},{\"frequencyMHz\":1800,\"maxEirpDbm\":64.0,\"technology\":[\"4G\",\"5G\"]},{\"frequencyMHz\":2100,\"maxEirpDbm\":64.0,\"technology\":[\"4G\",\"5G\"]},{\"frequencyMHz\":2300,\"maxEirpDbm\":68.0,\"technology\":[\"4G\",\"5G\"]}]"},"geometry":{"type":"Point","coordinates":[-9.06816,52.455522]}},{"type":"Feature","id":"0-330","properties":{"network":"Eir","networkIndex":0,"technologies":["4G","5G"],"frequenciesMHz":[700,800,900,1800,2100],"bandsJson":"[{\"frequencyMHz\":700,\"maxEirpDbm\":64.0,\"technology\":[\"4G\",\"5G\"]},{\"frequencyMHz\":800,\"maxEirpDbm\":59.0,\"technology\":[\"4G\",\"5G\"]},{\"frequencyMHz\":900,\"maxEirpDbm\":64.0,\"technology\":[\"4G\",\"5G\"]},{\"frequencyMHz\":1800,\"maxEirpDbm\":64.0,\"technology\":[\"4G\",\"5G\"]},{\"frequencyMHz\":2100,\"maxEirpDbm\":64.0,\"technology\":[\"4G\",\"5G\"]}]"},"geometry":{"type":"Point","coordinates":[-9.067931,53.267009]}},{"type":"Feature","id":"0-331","properties":{"network":"Eir","networkIndex":0,"technologies":["4G","5G"],"frequenciesMHz":[700,800,900],"bandsJson":"[{\"frequencyMHz\":700,\"maxEirpDbm\":64.0,\"technology\":[\"4G\",\"5G\"]},{\"frequencyMHz\":800,\"maxEirpDbm\":59.0,\"technology\":[\"4G\",\"5G\"]},{\"frequencyMHz\":900,\"maxEirpDbm\":64.0,\"technology\":[\"4G\",\"5G\"]}]"},"geometry":{"type":"Point","coordinates":[-9.067563,53.12875]}},{"type":"Feature","id":"0-332","properties":{"network":"Eir","networkIndex":0,"technologies":["4G","5G"],"frequenciesMHz":[700,800,900],"bandsJson":"[{\"frequencyMHz\":700,\"maxEirpDbm\":64.0,\"technology\":[\"4G\",\"5G\"]},{\"frequencyMHz\":800,\"maxEirpDbm\":59.0,\"technology\":[\"4G\",\"5G\"]},{\"frequencyMHz\":900,\"maxEirpDbm\":64.0,\"technology\":[\"4G\",\"5G\"]}]"},"geometry":{"type":"Point","coordinates":[-9.067354,51.598636]}},{"type":"Feature","id":"0-333","properties":{"network":"Eir","networkIndex":0,"technologies":["4G","5G"],"frequenciesMHz":[700,800,900,1800,2100],"bandsJson":"[{\"frequencyMHz\":700,\"maxEirpDbm\":64.0,\"technology\":[\"4G\",\"5G\"]},{\"frequencyMHz\":800,\"maxEirpDbm\":59.0,\"technology\":[\"4G\",\"5G\"]},{\"frequencyMHz\":900,\"maxEirpDbm\":64.0,\"technology\":[\"4G\",\"5G\"]},{\"frequencyMHz\":1800,\"maxEirpDbm\":64.0,\"technology\":[\"4G\",\"5G\"]},{\"frequencyMHz\":2100,\"maxEirpDbm\":64.0,\"technology\":[\"4G\",\"5G\"]}]"},"geometry":{"type":"Point","coordinates":[-9.066609,53.281964]}},{"type":"Feature","id":"0-334","properties":{"network":"Eir","networkIndex":0,"technologies":["4G","5G"],"frequenciesMHz":[700,800,900,1800,2100,2300],"bandsJson":"[{\"frequencyMHz\":700,\"maxEirpDbm\":64.0,\"technology\":[\"4G\",\"5G\"]},{\"frequencyMHz\":800,\"maxEirpDbm\":59.0,\"technology\":[\"4G\",\"5G\"]},{\"frequencyMHz\":900,\"maxEirpDbm\":64.0,\"technology\":[\"4G\",\"5G\"]},{\"frequencyMHz\":1800,\"maxEirpDbm\":64.0,\"technology\":[\"4G\",\"5G\"]},{\"frequencyMHz\":2100,\"maxEirpDbm\":64.0,\"technology\":[\"4G\",\"5G\"]},{\"frequencyMHz\":2300,\"maxEirpDbm\":68.0,\"technology\":[\"4G\",\"5G\"]}]"},"geometry":{"type":"Point","coordinates":[-9.064507,53.272188]}},{"type":"Feature","id":"0-335","properties":{"network":"Eir","networkIndex":0,"technologies":["4G","5G"],"frequenciesMHz":[700,800,900,1800,2100],"bandsJson":"[{\"frequencyMHz\":700,\"maxEirpDbm\":64.0,\"technology\":[\"4G\",\"5G\"]},{\"frequencyMHz\":800,\"maxEirpDbm\":59.0,\"technology\":[\"4G\",\"5G\"]},{\"frequencyMHz\":900,\"maxEirpDbm\":64.0,\"technology\":[\"4G\",\"5G\"]},{\"frequencyMHz\":1800,\"maxEirpDbm\":64.0,\"technology\":[\"4G\",\"5G\"]},{\"frequencyMHz\":2100,\"maxEirpDbm\":64.0,\"technology\":[\"4G\",\"5G\"]}]"},"geometry":{"type":"Point","coordinates":[-9.06312,53.276693]}},{"type":"Feature","id":"0-336","properties":{"network":"Eir","networkIndex":0,"technologies":["4G","5G"],"frequenciesMHz":[700,800,900],"bandsJson":"[{\"frequencyMHz\":700,\"maxEirpDbm\":64.0,\"technology\":[\"4G\",\"5G\"]},{\"frequencyMHz\":800,\"maxEirpDbm\":59.0,\"technology\":[\"4G\",\"5G\"]},{\"frequencyMHz\":900,\"maxEirpDbm\":64.0,\"technology\":[\"4G\",\"5G\"]}]"},"geometry":{"type":"Point","coordinates":[-9.06215,53.855963]}},{"type":"Feature","id":"0-337","properties":{"network":"Eir","networkIndex":0,"technologies":["4G","5G"],"frequenciesMHz":[700,800,900,1800,2100,2300],"bandsJson":"[{\"frequencyMHz\":700,\"maxEirpDbm\":64.0,\"technology\":[\"4G\",\"5G\"]},{\"frequencyMHz\":800,\"maxEirpDbm\":59.0,\"technology\":[\"4G\",\"5G\"]},{\"frequencyMHz\":900,\"maxEirpDbm\":64.0,\"technology\":[\"4G\",\"5G\"]},{\"frequencyMHz\":1800,\"maxEirpDbm\":64.0,\"technology\":[\"4G\",\"5G\"]},{\"frequencyMHz\":2100,\"maxEirpDbm\":64.0,\"technology\":[\"4G\",\"5G\"]},{\"frequencyMHz\":2300,\"maxEirpDbm\":68.0,\"technology\":[\"4G\",\"5G\"]}]"},"geometry":{"type":"Point","coordinates":[-9.059958,53.270081]}},{"type":"Feature","id":"0-338","properties":{"network":"Eir","networkIndex":0,"technologies":["4G","5G"],"frequenciesMHz":[700,800,900,1800,2100],"bandsJson":"[{\"frequencyMHz\":700,\"maxEirpDbm\":64.0,\"technology\":[\"4G\",\"5G\"]},{\"frequencyMHz\":800,\"maxEirpDbm\":59.0,\"technology\":[\"4G\",\"5G\"]},{\"frequencyMHz\":900,\"maxEirpDbm\":64.0,\"technology\":[\"4G\",\"5G\"]},{\"frequencyMHz\":1800,\"maxEirpDbm\":64.0,\"technology\":[\"4G\",\"5G\"]},{\"frequencyMHz\":2100,\"maxEirpDbm\":64.0,\"technology\":[\"4G\",\"5G\"]}]"},"geometry":{"type":"Point","coordinates":[-9.059783,52.057633]}},{"type":"Feature","id":"0-339","properties":{"network":"Eir","networkIndex":0,"technologies":["4G","5G"],"frequenciesMHz":[700,800,900,1800,2100,2300],"bandsJson":"[{\"frequencyMHz\":700,\"maxEirpDbm\":64.0,\"technology\":[\"4G\",\"5G\"]},{\"frequencyMHz\":800,\"maxEirpDbm\":59.0,\"technology\":[\"4G\",\"5G\"]},{\"frequencyMHz\":900,\"maxEirpDbm\":64.0,\"technology\":[\"4G\",\"5G\"]},{\"frequencyMHz\":1800,\"maxEirpDbm\":64.0,\"technology\":[\"4G\",\"5G\"]},{\"frequencyMHz\":2100,\"maxEirpDbm\":64.0,\"technology\":[\"4G\",\"5G\"]},{\"frequencyMHz\":2300,\"maxEirpDbm\":68.0,\"technology\":[\"4G\",\"5G\"]}]"},"geometry":{"type":"Point","coordinates":[-9.056786,53.284298]}},{"type":"Feature","id":"0-340","properties":{"network":"Eir","networkIndex":0,"technologies":["4G","5G"],"frequenciesMHz":[700,800,900],"bandsJson":"[{\"frequencyMHz\":700,\"maxEirpDbm\":64.0,\"technology\":[\"4G\",\"5G\"]},{\"frequencyMHz\":800,\"maxEirpDbm\":59.0,\"technology\":[\"4G\",\"5G\"]},{\"frequencyMHz\":900,\"maxEirpDbm\":64.0,\"technology\":[\"4G\",\"5G\"]}]"},"geometry":{"type":"Point","coordinates":[-9.056764,52.627637]}},{"type":"Feature","id":"0-341","properties":{"network":"Eir","networkIndex":0,"technologies":["4G","5G"],"frequenciesMHz":[700,800,900,1800,2100],"bandsJson":"[{\"frequencyMHz\":700,\"maxEirpDbm\":64.0,\"technology\":[\"4G\",\"5G\"]},{\"frequencyMHz\":800,\"maxEirpDbm\":59.0,\"technology\":[\"4G\",\"5G\"]},{\"frequencyMHz\":900,\"maxEirpDbm\":64.0,\"technology\":[\"4G\",\"5G\"]},{\"frequencyMHz\":1800,\"maxEirpDbm\":64.0,\"technology\":[\"4G\",\"5G\"]},{\"frequencyMHz\":2100,\"maxEirpDbm\":64.0,\"technology\":[\"4G\",\"5G\"]}]"},"geometry":{"type":"Point","coordinates":[-9.056481,53.765357]}},{"type":"Feature","id":"0-342","properties":{"network":"Eir","networkIndex":0,"technologies":["4G","5G"],"frequenciesMHz":[700,800,900,1800,2100],"bandsJson":"[{\"frequencyMHz\":700,\"maxEirpDbm\":64.0,\"technology\":[\"4G\",\"5G\"]},{\"frequencyMHz\":800,\"maxEirpDbm\":59.0,\"technology\":[\"4G\",\"5G\"]},{\"frequencyMHz\":900,\"maxEirpDbm\":64.0,\"technology\":[\"4G\",\"5G\"]},{\"frequencyMHz\":1800,\"maxEirpDbm\":64.0,\"technology\":[\"4G\",\"5G\"]},{\"frequencyMHz\":2100,\"maxEirpDbm\":64.0,\"technology\":[\"4G\",\"5G\"]}]"},"geometry":{"type":"Point","coordinates":[-9.055469,52.945824]}},{"type":"Feature","id":"0-343","properties":{"network":"Eir","networkIndex":0,"technologies":["4G","5G"],"frequenciesMHz":[700,800,900],"bandsJson":"[{\"frequencyMHz\":700,\"maxEirpDbm\":64.0,\"technology\":[\"4G\",\"5G\"]},{\"frequencyMHz\":800,\"maxEirpDbm\":59.0,\"technology\":[\"4G\",\"5G\"]},{\"frequencyMHz\":900,\"maxEirpDbm\":64.0,\"technology\":[\"4G\",\"5G\"]}]"},"geometry":{"type":"Point","coordinates":[-9.05491,53.649915]}},{"type":"Feature","id":"0-344","properties":{"network":"Eir","networkIndex":0,"technologies":["4G","5G"],"frequenciesMHz":[700,800,900,1800,2100,3600],"bandsJson":"[{\"frequencyMHz\":700,\"maxEirpDbm\":64.0,\"technology\":[\"4G\",\"5G\"]},{\"frequencyMHz\":800,\"maxEirpDbm\":59.0,\"technology\":[\"4G\",\"5G\"]},{\"frequencyMHz\":900,\"maxEirpDbm\":64.0,\"technology\":[\"4G\",\"5G\"]},{\"frequencyMHz\":1800,\"maxEirpDbm\":64.0,\"technology\":[\"4G\",\"5G\"]},{\"frequencyMHz\":2100,\"maxEirpDbm\":64.0,\"technology\":[\"4G\",\"5G\"]},{\"frequencyMHz\":3600,\"maxEirpDbm\":64.0,\"technology\":[\"4G\",\"5G\"]}]"},"geometry":{"type":"Point","coordinates":[-9.054852,53.270872]}},{"type":"Feature","id":"0-345","properties":{"network":"Eir","networkIndex":0,"technologies":["4G","5G"],"frequenciesMHz":[700,800,900,1800,2100],"bandsJson":"[{\"frequencyMHz\":700,\"maxEirpDbm\":64.0,\"technology\":[\"4G\",\"5G\"]},{\"frequencyMHz\":800,\"maxEirpDbm\":59.0,\"technology\":[\"4G\",\"5G\"]},{\"frequencyMHz\":900,\"maxEirpDbm\":64.0,\"technology\":[\"4G\",\"5G\"]},{\"frequencyMHz\":1800,\"maxEirpDbm\":64.0,\"technology\":[\"4G\",\"5G\"]},{\"frequencyMHz\":2100,\"maxEirpDbm\":64.0,\"technology\":[\"4G\",\"5G\"]}]"},"geometry":{"type":"Point","coordinates":[-9.054636,52.453504]}},{"type":"Feature","id":"0-346","properties":{"network":"Eir","networkIndex":0,"technologies":["4G","5G"],"frequenciesMHz":[700,800,900,1800,2100,3600],"bandsJson":"[{\"frequencyMHz\":700,\"maxEirpDbm\":64.0,\"technology\":[\"4G\",\"5G\"]},{\"frequencyMHz\":800,\"maxEirpDbm\":59.0,\"technology\":[\"4G\",\"5G\"]},{\"frequencyMHz\":900,\"maxEirpDbm\":64.0,\"technology\":[\"4G\",\"5G\"]},{\"frequencyMHz\":1800,\"maxEirpDbm\":64.0,\"technology\":[\"4G\",\"5G\"]},{\"frequencyMHz\":2100,\"maxEirpDbm\":64.0,\"technology\":[\"4G\",\"5G\"]},{\"frequencyMHz\":3600,\"maxEirpDbm\":64.0,\"technology\":[\"4G\",\"5G\"]}]"},"geometry":{"type":"Point","coordinates":[-9.053374,53.272359]}},{"type":"Feature","id":"0-347","properties":{"network":"Eir","networkIndex":0,"technologies":["4G","5G"],"frequenciesMHz":[700,800,900],"bandsJson":"[{\"frequencyMHz\":700,\"maxEirpDbm\":64.0,\"technology\":[\"4G\",\"5G\"]},{\"frequencyMHz\":800,\"maxEirpDbm\":59.0,\"technology\":[\"4G\",\"5G\"]},{\"frequencyMHz\":900,\"maxEirpDbm\":64.0,\"technology\":[\"4G\",\"5G\"]}]"},"geometry":{"type":"Point","coordinates":[-9.053264,53.902133]}},{"type":"Feature","id":"0-348","properties":{"network":"Eir","networkIndex":0,"technologies":["4G","5G"],"frequenciesMHz":[700,800,900],"bandsJson":"[{\"frequencyMHz\":700,\"maxEirpDbm\":64.0,\"technology\":[\"4G\",\"5G\"]},{\"frequencyMHz\":800,\"maxEirpDbm\":59.0,\"technology\":[\"4G\",\"5G\"]},{\"frequencyMHz\":900,\"maxEirpDbm\":64.0,\"technology\":[\"4G\",\"5G\"]}]"},"geometry":{"type":"Point","coordinates":[-9.052221,52.754053]}},{"type":"Feature","id":"0-349","properties":{"network":"Eir","networkIndex":0,"technologies":["4G","5G"],"frequenciesMHz":[800,900,1800,2100],"bandsJson":"[{\"frequencyMHz\":800,\"maxEirpDbm\":59.0,\"technology\":[\"4G\",\"5G\"]},{\"frequencyMHz\":900,\"maxEirpDbm\":64.0,\"technology\":[\"4G\",\"5G\"]},{\"frequencyMHz\":1800,\"maxEirpDbm\":64.0,\"technology\":[\"4G\",\"5G\"]},{\"frequencyMHz\":2100,\"maxEirpDbm\":64.0,\"technology\":[\"4G\",\"5G\"]}]"},"geometry":{"type":"Point","coordinates":[-9.05211,53.276423]}},{"type":"Feature","id":"0-350","properties":{"network":"Eir","networkIndex":0,"technologies":["4G","5G"],"frequenciesMHz":[700,800,900,1800,2100,3600],"bandsJson":"[{\"frequencyMHz\":700,\"maxEirpDbm\":64.0,\"technology\":[\"4G\",\"5G\"]},{\"frequencyMHz\":800,\"maxEirpDbm\":59.0,\"technology\":[\"4G\",\"5G\"]},{\"frequencyMHz\":900,\"maxEirpDbm\":64.0,\"technology\":[\"4G\",\"5G\"]},{\"frequencyMHz\":1800,\"maxEirpDbm\":64.0,\"technology\":[\"4G\",\"5G\"]},{\"frequencyMHz\":2100,\"maxEirpDbm\":64.0,\"technology\":[\"4G\",\"5G\"]},{\"frequencyMHz\":3600,\"maxEirpDbm\":64.0,\"technology\":[\"4G\",\"5G\"]}]"},"geometry":{"type":"Point","coordinates":[-9.051267,53.280554]}},{"type":"Feature","id":"0-351","properties":{"network":"Eir","networkIndex":0,"technologies":["4G","5G"],"frequenciesMHz":[700,800,900,1800,2100,3600],"bandsJson":"[{\"frequencyMHz\":700,\"maxEirpDbm\":64.0,\"technology\":[\"4G\",\"5G\"]},{\"frequencyMHz\":800,\"maxEirpDbm\":59.0,\"technology\":[\"4G\",\"5G\"]},{\"frequencyMHz\":900,\"maxEirpDbm\":64.0,\"technology\":[\"4G\",\"5G\"]},{\"frequencyMHz\":1800,\"maxEirpDbm\":64.0,\"technology\":[\"4G\",\"5G\"]},{\"frequencyMHz\":2100,\"maxEirpDbm\":64.0,\"technology\":[\"4G\",\"5G\"]},{\"frequencyMHz\":3600,\"maxEirpDbm\":64.0,\"technology\":[\"4G\",\"5G\"]}]"},"geometry":{"type":"Point","coordinates":[-9.051027,53.274455]}},{"type":"Feature","id":"0-352","properties":{"network":"Eir","networkIndex":0,"technologies":["4G","5G"],"frequenciesMHz":[700,800,900,1800,2100,3600],"bandsJson":"[{\"frequencyMHz\":700,\"maxEirpDbm\":64.0,\"technology\":[\"4G\",\"5G\"]},{\"frequencyMHz\":800,\"maxEirpDbm\":59.0,\"technology\":[\"4G\",\"5G\"]},{\"frequencyMHz\":900,\"maxEirpDbm\":64.0,\"technology\":[\"4G\",\"5G\"]},{\"frequencyMHz\":1800,\"maxEirpDbm\":64.0,\"technology\":[\"4G\",\"5G\"]},{\"frequencyMHz\":2100,\"maxEirpDbm\":64.0,\"technology\":[\"4G\",\"5G\"]},{\"frequencyMHz\":3600,\"maxEirpDbm\":64.0,\"technology\":[\"4G\",\"5G\"]}]"},"geometry":{"type":"Point","coordinates":[-9.050786,53.271322]}},{"type":"Feature","id":"0-353","properties":{"network":"Eir","networkIndex":0,"technologies":["4G","5G"],"frequenciesMHz":[700,800,900,1800,2100],"bandsJson":"[{\"frequencyMHz\":700,\"maxEirpDbm\":64.0,\"technology\":[\"4G\",\"5G\"]},{\"frequencyMHz\":800,\"maxEirpDbm\":59.0,\"technology\":[\"4G\",\"5G\"]},{\"frequencyMHz\":900,\"maxEirpDbm\":64.0,\"technology\":[\"4G\",\"5G\"]},{\"frequencyMHz\":1800,\"maxEirpDbm\":64.0,\"technology\":[\"4G\",\"5G\"]},{\"frequencyMHz\":2100,\"maxEirpDbm\":64.0,\"technology\":[\"4G\",\"5G\"]}]"},"geometry":{"type":"Point","coordinates":[-9.050179,53.272872]}},{"type":"Feature","id":"0-354","properties":{"network":"Eir","networkIndex":0,"technologies":["4G","5G"],"frequenciesMHz":[700,800,900,1800,2100,2300],"bandsJson":"[{\"frequencyMHz\":700,\"maxEirpDbm\":64.0,\"technology\":[\"4G\",\"5G\"]},{\"frequencyMHz\":800,\"maxEirpDbm\":59.0,\"technology\":[\"4G\",\"5G\"]},{\"frequencyMHz\":900,\"maxEirpDbm\":64.0,\"technology\":[\"4G\",\"5G\"]},{\"frequencyMHz\":1800,\"maxEirpDbm\":64.0,\"technology\":[\"4G\",\"5G\"]},{\"frequencyMHz\":2100,\"maxEirpDbm\":64.0,\"technology\":[\"4G\",\"5G\"]},{\"frequencyMHz\":2300,\"maxEirpDbm\":68.0,\"technology\":[\"4G\",\"5G\"]}]"},"geometry":{"type":"Point","coordinates":[-9.04986,53.276353]}},{"type":"Feature","id":"0-355","properties":{"network":"Eir","networkIndex":0,"technologies":["4G","5G"],"frequenciesMHz":[700,800,900],"bandsJson":"[{\"frequencyMHz\":700,\"maxEirpDbm\":64.0,\"technology\":[\"4G\",\"5G\"]},{\"frequencyMHz\":800,\"maxEirpDbm\":59.0,\"technology\":[\"4G\",\"5G\"]},{\"frequencyMHz\":900,\"maxEirpDbm\":64.0,\"technology\":[\"4G\",\"5G\"]}]"},"geometry":{"type":"Point","coordinates":[-9.049457,53.603879]}},{"type":"Feature","id":"0-356","properties":{"network":"Eir","networkIndex":0,"technologies":["4G","5G"],"frequenciesMHz":[700,800,900,1800,2100],"bandsJson":"[{\"frequencyMHz\":700,\"maxEirpDbm\":64.0,\"technology\":[\"4G\",\"5G\"]},{\"frequencyMHz\":800,\"maxEirpDbm\":59.0,\"technology\":[\"4G\",\"5G\"]},{\"frequencyMHz\":900,\"maxEirpDbm\":64.0,\"technology\":[\"4G\",\"5G\"]},{\"frequencyMHz\":1800,\"maxEirpDbm\":64.0,\"technology\":[\"4G\",\"5G\"]},{\"frequencyMHz\":2100,\"maxEirpDbm\":64.0,\"technology\":[\"4G\",\"5G\"]}]"},"geometry":{"type":"Point","coordinates":[-9.046272,53.291516]}},{"type":"Feature","id":"0-357","properties":{"network":"Eir","networkIndex":0,"technologies":["4G","5G"],"frequenciesMHz":[700,800,900,1800,2100,2300],"bandsJson":"[{\"frequencyMHz\":700,\"maxEirpDbm\":64.0,\"technology\":[\"4G\",\"5G\"]},{\"frequencyMHz\":800,\"maxEirpDbm\":59.0,\"technology\":[\"4G\",\"5G\"]},{\"frequencyMHz\":900,\"maxEirpDbm\":64.0,\"technology\":[\"4G\",\"5G\"]},{\"frequencyMHz\":1800,\"maxEirpDbm\":64.0,\"technology\":[\"4G\",\"5G\"]},{\"frequencyMHz\":2100,\"maxEirpDbm\":64.0,\"technology\":[\"4G\",\"5G\"]},{\"frequencyMHz\":2300,\"maxEirpDbm\":68.0,\"technology\":[\"4G\",\"5G\"]}]"},"geometry":{"type":"Point","coordinates":[-9.045145,53.285892]}},{"type":"Feature","id":"0-358","properties":{"network":"Eir","networkIndex":0,"technologies":["4G","5G"],"frequenciesMHz":[800,900,1800],"bandsJson":"[{\"frequencyMHz\":800,\"maxEirpDbm\":59.0,\"technology\":[\"4G\",\"5G\"]},{\"frequencyMHz\":900,\"maxEirpDbm\":64.0,\"technology\":[\"4G\",\"5G\"]},{\"frequencyMHz\":1800,\"maxEirpDbm\":64.0,\"technology\":[\"4G\",\"5G\"]}]"},"geometry":{"type":"Point","coordinates":[-9.044442,53.27242]}},{"type":"Feature","id":"0-359","properties":{"network":"Eir","networkIndex":0,"technologies":["4G","5G"],"frequenciesMHz":[700,800,900,1800,2100,2300],"bandsJson":"[{\"frequencyMHz\":700,\"maxEirpDbm\":64.0,\"technology\":[\"4G\",\"5G\"]},{\"frequencyMHz\":800,\"maxEirpDbm\":59.0,\"technology\":[\"4G\",\"5G\"]},{\"frequencyMHz\":900,\"maxEirpDbm\":64.0,\"technology\":[\"4G\",\"5G\"]},{\"frequencyMHz\":1800,\"maxEirpDbm\":64.0,\"technology\":[\"4G\",\"5G\"]},{\"frequencyMHz\":2100,\"maxEirpDbm\":64.0,\"technology\":[\"4G\",\"5G\"]},{\"frequencyMHz\":2300,\"maxEirpDbm\":68.0,\"technology\":[\"4G\",\"5G\"]}]"},"geometry":{"type":"Point","coordinates":[-9.040112,53.297832]}},{"type":"Feature","id":"0-360","properties":{"network":"Eir","networkIndex":0,"technologies":["4G","5G"],"frequenciesMHz":[700,800,900],"bandsJson":"[{\"frequencyMHz\":700,\"maxEirpDbm\":64.0,\"technology\":[\"4G\",\"5G\"]},{\"frequencyMHz\":800,\"maxEirpDbm\":59.0,\"technology\":[\"4G\",\"5G\"]},{\"frequencyMHz\":900,\"maxEirpDbm\":64.0,\"technology\":[\"4G\",\"5G\"]}]"},"geometry":{"type":"Point","coordinates":[-9.03619,52.586921]}},{"type":"Feature","id":"0-361","properties":{"network":"Eir","networkIndex":0,"technologies":["4G","5G"],"frequenciesMHz":[700,800,900,1800,2100,2300],"bandsJson":"[{\"frequencyMHz\":700,\"maxEirpDbm\":64.0,\"technology\":[\"4G\",\"5G\"]},{\"frequencyMHz\":800,\"maxEirpDbm\":59.0,\"technology\":[\"4G\",\"5G\"]},{\"frequencyMHz\":900,\"maxEirpDbm\":64.0,\"technology\":[\"4G\",\"5G\"]},{\"frequencyMHz\":1800,\"maxEirpDbm\":64.0,\"technology\":[\"4G\",\"5G\"]},{\"frequencyMHz\":2100,\"maxEirpDbm\":64.0,\"technology\":[\"4G\",\"5G\"]},{\"frequencyMHz\":2300,\"maxEirpDbm\":68.0,\"technology\":[\"4G\",\"5G\"]}]"},"geometry":{"type":"Point","coordinates":[-9.036136,53.284137]}},{"type":"Feature","id":"0-362","properties":{"network":"Eir","networkIndex":0,"technologies":["4G","5G"],"frequenciesMHz":[700,800,900],"bandsJson":"[{\"frequencyMHz\":700,\"maxEirpDbm\":64.0,\"technology\":[\"4G\",\"5G\"]},{\"frequencyMHz\":800,\"maxEirpDbm\":59.0,\"technology\":[\"4G\",\"5G\"]},{\"frequencyMHz\":900,\"maxEirpDbm\":64.0,\"technology\":[\"4G\",\"5G\"]}]"},"geometry":{"type":"Point","coordinates":[-9.032768,51.57732]}},{"type":"Feature","id":"0-363","properties":{"network":"Eir","networkIndex":0,"technologies":["4G","5G"],"frequenciesMHz":[700,800,900,1800,2100],"bandsJson":"[{\"frequencyMHz\":700,\"maxEirpDbm\":64.0,\"technology\":[\"4G\",\"5G\"]},{\"frequencyMHz\":800,\"maxEirpDbm\":59.0,\"technology\":[\"4G\",\"5G\"]},{\"frequencyMHz\":900,\"maxEirpDbm\":64.0,\"technology\":[\"4G\",\"5G\"]},{\"frequencyMHz\":1800,\"maxEirpDbm\":64.0,\"technology\":[\"4G\",\"5G\"]},{\"frequencyMHz\":2100,\"maxEirpDbm\":64.0,\"technology\":[\"4G\",\"5G\"]}]"},"geometry":{"type":"Point","coordinates":[-9.03217,53.299995]}},{"type":"Feature","id":"0-364","properties":{"network":"Eir","networkIndex":0,"technologies":["4G","5G"],"frequenciesMHz":[700,800,900],"bandsJson":"[{\"frequencyMHz\":700,\"maxEirpDbm\":64.0,\"technology\":[\"4G\",\"5G\"]},{\"frequencyMHz\":800,\"maxEirpDbm\":59.0,\"technology\":[\"4G\",\"5G\"]},{\"frequencyMHz\":900,\"maxEirpDbm\":64.0,\"technology\":[\"4G\",\"5G\"]}]"},"geometry":{"type":"Point","coordinates":[-9.026355,53.973083]}},{"type":"Feature","id":"0-365","properties":{"network":"Eir","networkIndex":0,"technologies":["4G","5G"],"frequenciesMHz":[700,800,900],"bandsJson":"[{\"frequencyMHz\":700,\"maxEirpDbm\":64.0,\"technology\":[\"4G\",\"5G\"]},{\"frequencyMHz\":800,\"maxEirpDbm\":59.0,\"technology\":[\"4G\",\"5G\"]},{\"frequencyMHz\":900,\"maxEirpDbm\":64.0,\"technology\":[\"4G\",\"5G\"]}]"},"geometry":{"type":"Point","coordinates":[-9.025071,53.310443]}},{"type":"Feature","id":"0-366","properties":{"network":"Eir","networkIndex":0,"technologies":["4G","5G"],"frequenciesMHz":[700,800,900],"bandsJson":"[{\"frequencyMHz\":700,\"maxEirpDbm\":64.0,\"technology\":[\"4G\",\"5G\"]},{\"frequencyMHz\":800,\"maxEirpDbm\":59.0,\"technology\":[\"4G\",\"5G\"]},{\"frequencyMHz\":900,\"maxEirpDbm\":64.0,\"technology\":[\"4G\",\"5G\"]}]"},"geometry":{"type":"Point","coordinates":[-9.024438,51.611674]}},{"type":"Feature","id":"0-367","properties":{"network":"Eir","networkIndex":0,"technologies":["4G","5G"],"frequenciesMHz":[800,900,1800,2100],"bandsJson":"[{\"frequencyMHz\":800,\"maxEirpDbm\":59.0,\"technology\":[\"4G\",\"5G\"]},{\"frequencyMHz\":900,\"maxEirpDbm\":64.0,\"technology\":[\"4G\",\"5G\"]},{\"frequencyMHz\":1800,\"maxEirpDbm\":64.0,\"technology\":[\"4G\",\"5G\"]},{\"frequencyMHz\":2100,\"maxEirpDbm\":64.0,\"technology\":[\"4G\",\"5G\"]}]"},"geometry":{"type":"Point","coordinates":[-9.023271,53.270303]}},{"type":"Feature","id":"0-368","properties":{"network":"Eir","networkIndex":0,"technologies":["4G","5G"],"frequenciesMHz":[700,800,900,1800,2100],"bandsJson":"[{\"frequencyMHz\":700,\"maxEirpDbm\":64.0,\"technology\":[\"4G\",\"5G\"]},{\"frequencyMHz\":800,\"maxEirpDbm\":59.0,\"technology\":[\"4G\",\"5G\"]},{\"frequencyMHz\":900,\"maxEirpDbm\":64.0,\"technology\":[\"4G\",\"5G\"]},{\"frequencyMHz\":1800,\"maxEirpDbm\":64.0,\"technology\":[\"4G\",\"5G\"]},{\"frequencyMHz\":2100,\"maxEirpDbm\":64.0,\"technology\":[\"4G\",\"5G\"]}]"},"geometry":{"type":"Point","coordinates":[-9.022669,52.056595]}},{"type":"Feature","id":"0-369","properties":{"network":"Eir","networkIndex":0,"technologies":["4G","5G"],"frequenciesMHz":[700,800,900,1800,2100],"bandsJson":"[{\"frequencyMHz\":700,\"maxEirpDbm\":64.0,\"technology\":[\"4G\",\"5G\"]},{\"frequencyMHz\":800,\"maxEirpDbm\":59.0,\"technology\":[\"4G\",\"5G\"]},{\"frequencyMHz\":900,\"maxEirpDbm\":64.0,\"technology\":[\"4G\",\"5G\"]},{\"frequencyMHz\":1800,\"maxEirpDbm\":64.0,\"technology\":[\"4G\",\"5G\"]},{\"frequencyMHz\":2100,\"maxEirpDbm\":64.0,\"technology\":[\"4G\",\"5G\"]}]"},"geometry":{"type":"Point","coordinates":[-9.022218,53.288373]}},{"type":"Feature","id":"0-370","properties":{"network":"Eir","networkIndex":0,"technologies":["4G","5G"],"frequenciesMHz":[700,800,900,1800,2100],"bandsJson":"[{\"frequencyMHz\":700,\"maxEirpDbm\":64.0,\"technology\":[\"4G\",\"5G\"]},{\"frequencyMHz\":800,\"maxEirpDbm\":59.0,\"technology\":[\"4G\",\"5G\"]},{\"frequencyMHz\":900,\"maxEirpDbm\":64.0,\"technology\":[\"4G\",\"5G\"]},{\"frequencyMHz\":1800,\"maxEirpDbm\":64.0,\"technology\":[\"4G\",\"5G\"]},{\"frequencyMHz\":2100,\"maxEirpDbm\":64.0,\"technology\":[\"4G\",\"5G\"]}]"},"geometry":{"type":"Point","coordinates":[-9.021231,53.280294]}},{"type":"Feature","id":"0-371","properties":{"network":"Eir","networkIndex":0,"technologies":["4G","5G"],"frequenciesMHz":[700,800,900,1800,2100],"bandsJson":"[{\"frequencyMHz\":700,\"maxEirpDbm\":64.0,\"technology\":[\"4G\",\"5G\"]},{\"frequencyMHz\":800,\"maxEirpDbm\":59.0,\"technology\":[\"4G\",\"5G\"]},{\"frequencyMHz\":900,\"maxEirpDbm\":64.0,\"technology\":[\"4G\",\"5G\"]},{\"frequencyMHz\":1800,\"maxEirpDbm\":64.0,\"technology\":[\"4G\",\"5G\"]},{\"frequencyMHz\":2100,\"maxEirpDbm\":64.0,\"technology\":[\"4G\",\"5G\"]}]"},"geometry":{"type":"Point","coordinates":[-9.020668,53.701785]}},{"type":"Feature","id":"0-372","properties":{"network":"Eir","networkIndex":0,"technologies":["4G","5G"],"frequenciesMHz":[700,800,900],"bandsJson":"[{\"frequencyMHz\":700,\"maxEirpDbm\":64.0,\"technology\":[\"4G\",\"5G\"]},{\"frequencyMHz\":800,\"maxEirpDbm\":59.0,\"technology\":[\"4G\",\"5G\"]},{\"frequencyMHz\":900,\"maxEirpDbm\":64.0,\"technology\":[\"4G\",\"5G\"]}]"},"geometry":{"type":"Point","coordinates":[-9.018629,53.13856]}},{"type":"Feature","id":"0-373","properties":{"network":"Eir","networkIndex":0,"technologies":["4G","5G"],"frequenciesMHz":[700,800,900,1800,2100,3600],"bandsJson":"[{\"frequencyMHz\":700,\"maxEirpDbm\":64.0,\"technology\":[\"4G\",\"5G\"]},{\"frequencyMHz\":800,\"maxEirpDbm\":59.0,\"technology\":[\"4G\",\"5G\"]},{\"frequencyMHz\":900,\"maxEirpDbm\":64.0,\"technology\":[\"4G\",\"5G\"]},{\"frequencyMHz\":1800,\"maxEirpDbm\":64.0,\"technology\":[\"4G\",\"5G\"]},{\"frequencyMHz\":2100,\"maxEirpDbm\":64.0,\"technology\":[\"4G\",\"5G\"]},{\"frequencyMHz\":3600,\"maxEirpDbm\":64.0,\"technology\":[\"4G\",\"5G\"]}]"},"geometry":{"type":"Point","coordinates":[-9.015235,53.278422]}},{"type":"Feature","id":"0-374","properties":{"network":"Eir","networkIndex":0,"technologies":["4G","5G"],"frequenciesMHz":[700,800,900,1800,2100,3600],"bandsJson":"[{\"frequencyMHz\":700,\"maxEirpDbm\":64.0,\"technology\":[\"4G\",\"5G\"]},{\"frequencyMHz\":800,\"maxEirpDbm\":59.0,\"technology\":[\"4G\",\"5G\"]},{\"frequencyMHz\":900,\"maxEirpDbm\":64.0,\"technology\":[\"4G\",\"5G\"]},{\"frequencyMHz\":1800,\"maxEirpDbm\":64.0,\"technology\":[\"4G\",\"5G\"]},{\"frequencyMHz\":2100,\"maxEirpDbm\":64.0,\"technology\":[\"4G\",\"5G\"]},{\"frequencyMHz\":3600,\"maxEirpDbm\":64.0,\"technology\":[\"4G\",\"5G\"]}]"},"geometry":{"type":"Point","coordinates":[-9.014263,53.290579]}},{"type":"Feature","id":"0-375","properties":{"network":"Eir","networkIndex":0,"technologies":["4G","5G"],"frequenciesMHz":[700,800,900,1800,2100],"bandsJson":"[{\"frequencyMHz\":700,\"maxEirpDbm\":64.0,\"technology\":[\"4G\",\"5G\"]},{\"frequencyMHz\":800,\"maxEirpDbm\":59.0,\"technology\":[\"4G\",\"5G\"]},{\"frequencyMHz\":900,\"maxEirpDbm\":64.0,\"technology\":[\"4G\",\"5G\"]},{\"frequencyMHz\":1800,\"maxEirpDbm\":64.0,\"technology\":[\"4G\",\"5G\"]},{\"frequencyMHz\":2100,\"maxEirpDbm\":64.0,\"technology\":[\"4G\",\"5G\"]}]"},"geometry":{"type":"Point","coordinates":[-9.012607,53.285867]}},{"type":"Feature","id":"0-376","properties":{"network":"Eir","networkIndex":0,"technologies":["4G","5G"],"frequenciesMHz":[700,800,900,1800,2100,2300],"bandsJson":"[{\"frequencyMHz\":700,\"maxEirpDbm\":64.0,\"technology\":[\"4G\",\"5G\"]},{\"frequencyMHz\":800,\"maxEirpDbm\":59.0,\"technology\":[\"4G\",\"5G\"]},{\"frequencyMHz\":900,\"maxEirpDbm\":64.0,\"technology\":[\"4G\",\"5G\"]},{\"frequencyMHz\":1800,\"maxEirpDbm\":64.0,\"technology\":[\"4G\",\"5G\"]},{\"frequencyMHz\":2100,\"maxEirpDbm\":64.0,\"technology\":